1,0,1,34.4618,0.03686
1,1,1,34.562,0.03656
1,2,1,34.6622,0.03625
1,3,1,34.7625,0.03595
1,4,1,34.8627,0.03564
1,5,1,34.9629,0.03533
1,6,1,35.0631,0.03503
1,7,1,35.1634,0.03472
1,8,1,35.2636,0.03441
1,9,1,35.3638,0.03411
1,10,1,35.464,0.0338
1,11,1,35.5643,0.0335
1,12,1,35.6645,0.03319
1,13,1,35.7647,0.03288
1,14,1,35.8649,0.03258
1,15,1,35.9652,0.03248
1,16,1,36.0632,0.03239
1,17,1,36.159,0.0323
1,18,1,36.2526,0.03221
1,19,1,36.3441,0.03213
1,20,1,36.4338,0.03205
1,21,1,36.5216,0.03197
1,22,1,36.6078,0.03189
1,23,1,36.6922,0.03182
1,24,1,36.7751,0.03175
1,25,1,36.8566,0.03168
1,26,1,36.9366,0.03161
1,27,1,37.0152,0.03154
1,28,1,37.0926,0.03148
1,29,1,37.1687,0.03141
1,30,1,37.2435,0.03135
1,31,1,37.3172,0.03129
1,32,1,37.3898,0.03123
1,33,1,37.4612,0.03118
1,34,1,37.5316,0.03112
1,35,1,37.601,0.03107
1,36,1,37.6694,0.03101
1,37,1,37.7368,0.03096
1,38,1,37.8034,0.03091
1,39,1,37.869,0.03086
1,40,1,37.9338,0.03081
1,41,1,37.9978,0.03076
1,42,1,38.0609,0.03072
1,43,1,38.1233,0.03067
1,44,1,38.185,0.03062
1,45,1,38.2459,0.03058
1,46,1,38.3061,0.03054
1,47,1,38.3655,0.03049
1,48,1,38.4243,0.03045
1,49,1,38.4824,0.03041
1,50,1,38.5399,0.03037
1,51,1,38.5968,0.03033
1,52,1,38.653,0.03029
1,53,1,38.7087,0.03025
1,54,1,38.7638,0.03021
1,55,1,38.8183,0.03018
1,56,1,38.8724,0.03014
1,57,1,38.9258,0.0301
1,58,1,38.9788,0.03007
1,59,1,39.0313,0.03003
1,60,1,39.0834,0.03
1,61,1,39.1349,0.02997
1,62,1,39.1861,0.02993
1,63,1,39.2368,0.0299
1,64,1,39.2871,0.02987
1,65,1,39.3369,0.02984
1,66,1,39.3863,0.02981
1,67,1,39.4353,0.02978
1,68,1,39.4838,0.02975
1,69,1,39.532,0.02972
1,70,1,39.5797,0.02969
1,71,1,39.6271,0.02966
1,72,1,39.674,0.02963
1,73,1,39.7206,0.02961
1,74,1,39.7668,0.02958
1,75,1,39.8127,0.02955
1,76,1,39.8581,0.02953
1,77,1,39.9033,0.0295
1,78,1,39.948,0.02948
1,79,1,39.9924,0.02945
1,80,1,40.0365,0.02943
1,81,1,40.0803,0.0294
1,82,1,40.1237,0.02938
1,83,1,40.1668,0.02936
1,84,1,40.2096,0.02933
1,85,1,40.2521,0.02931
1,86,1,40.2943,0.02929
1,87,1,40.3362,0.02927
1,88,1,40.3778,0.02925
1,89,1,40.4191,0.02922
1,90,1,40.4601,0.0292
1,91,1,40.5008,0.02918
1,92,1,40.5413,0.02916
1,93,1,40.5815,0.02914
1,94,1,40.6214,0.02912
1,95,1,40.6611,0.0291
1,96,1,40.7005,0.02908
1,97,1,40.7396,0.02907
1,98,1,40.7785,0.02905
1,99,1,40.8172,0.02903
1,100,1,40.8555,0.02901
1,101,1,40.8936,0.02899
1,102,1,40.9315,0.02898
1,103,1,40.9691,0.02896
1,104,1,41.0065,0.02894
1,105,1,41.0436,0.02893
1,106,1,41.0805,0.02891
1,107,1,41.1172,0.02889
1,108,1,41.1536,0.02888
1,109,1,41.1898,0.02886
1,110,1,41.2257,0.02885
1,111,1,41.2615,0.02883
1,112,1,41.297,0.02882
1,113,1,41.3323,0.0288
1,114,1,41.3673,0.02879
1,115,1,41.4022,0.02877
1,116,1,41.4368,0.02876
1,117,1,41.4712,0.02875
1,118,1,41.5054,0.02873
1,119,1,41.5394,0.02872
1,120,1,41.5731,0.02871
1,121,1,41.6067,0.02869
1,122,1,41.6401,0.02868
1,123,1,41.6732,0.02867
1,124,1,41.7062,0.02865
1,125,1,41.7389,0.02864
1,126,1,41.7715,0.02863
1,127,1,41.8038,0.02862
1,128,1,41.836,0.02861
1,129,1,41.868,0.02859
1,130,1,41.8997,0.02858
1,131,1,41.9313,0.02857
1,132,1,41.9627,0.02856
1,133,1,41.9939,0.02855
1,134,1,42.0249,0.02854
1,135,1,42.0557,0.02853
1,136,1,42.0864,0.02852
1,137,1,42.1168,0.02851
1,138,1,42.1471,0.0285
1,139,1,42.1772,0.02849
1,140,1,42.2071,0.02848
1,141,1,42.2368,0.02847
1,142,1,42.2664,0.02846
1,143,1,42.2957,0.02845
1,144,1,42.3249,0.02844
1,145,1,42.354,0.02843
1,146,1,42.3828,0.02842
1,147,1,42.4115,0.02841
1,148,1,42.44,0.0284
1,149,1,42.4684,0.02839
1,150,1,42.4965,0.02839
1,151,1,42.5246,0.02838
1,152,1,42.5524,0.02837
1,153,1,42.5801,0.02836
1,154,1,42.6076,0.02835
1,155,1,42.6349,0.02835
1,156,1,42.6621,0.02834
1,157,1,42.6892,0.02833
1,158,1,42.716,0.02832
1,159,1,42.7427,0.02832
1,160,1,42.7693,0.02831
1,161,1,42.7957,0.0283
1,162,1,42.8219,0.02829
1,163,1,42.848,0.02829
1,164,1,42.874,0.02828
1,165,1,42.8997,0.02827
1,166,1,42.9254,0.02827
1,167,1,42.9509,0.02826
1,168,1,42.9762,0.02825
1,169,1,43.0014,0.02825
1,170,1,43.0264,0.02824
1,171,1,43.0513,0.02823
1,172,1,43.0761,0.02823
1,173,1,43.1007,0.02822
1,174,1,43.1252,0.02822
1,175,1,43.1495,0.02821
1,176,1,43.1737,0.0282
1,177,1,43.1978,0.0282
1,178,1,43.2217,0.02819
1,179,1,43.2455,0.02819
1,180,1,43.2691,0.02818
1,181,1,43.2927,0.02818
1,182,1,43.316,0.02817
1,183,1,43.3393,0.02817
1,184,1,43.3624,0.02816
1,185,1,43.3854,0.02816
1,186,1,43.4083,0.02815
1,187,1,43.431,0.02815
1,188,1,43.4536,0.02814
1,189,1,43.4761,0.02814
1,190,1,43.4984,0.02813
1,191,1,43.5206,0.02813
1,192,1,43.5427,0.02812
1,193,1,43.5647,0.02812
1,194,1,43.5865,0.02811
1,195,1,43.6082,0.02811
1,196,1,43.6298,0.0281
1,197,1,43.6513,0.0281
1,198,1,43.6727,0.0281
1,199,1,43.6939,0.02809
1,200,1,43.715,0.02809
1,201,1,43.736,0.02808
1,202,1,43.7569,0.02808
1,203,1,43.7777,0.02808
1,204,1,43.7983,0.02807
1,205,1,43.8188,0.02807
1,206,1,43.8393,0.02807
1,207,1,43.8596,0.02806
1,208,1,43.8798,0.02806
1,209,1,43.8998,0.02806
1,210,1,43.9198,0.02805
1,211,1,43.9397,0.02805
1,212,1,43.9594,0.02805
1,213,1,43.9791,0.02804
1,214,1,43.9986,0.02804
1,215,1,44.0181,0.02804
1,216,1,44.0374,0.02803
1,217,1,44.0566,0.02803
1,218,1,44.0757,0.02803
1,219,1,44.0947,0.02802
1,220,1,44.1136,0.02802
1,221,1,44.1325,0.02802
1,222,1,44.1512,0.02801
1,223,1,44.1698,0.02801
1,224,1,44.1883,0.02801
1,225,1,44.2067,0.02801
1,226,1,44.225,0.028
1,227,1,44.2432,0.028
1,228,1,44.2613,0.028
1,229,1,44.2793,0.028
1,230,1,44.2972,0.02799
1,231,1,44.315,0.02799
1,232,1,44.3328,0.02799
1,233,1,44.3504,0.02799
1,234,1,44.3679,0.02798
1,235,1,44.3854,0.02798
1,236,1,44.4027,0.02798
1,237,1,44.42,0.02798
1,238,1,44.4372,0.02798
1,239,1,44.4543,0.02797
1,240,1,44.4713,0.02797
1,241,1,44.4882,0.02797
1,242,1,44.505,0.02797
1,243,1,44.5217,0.02797
1,244,1,44.5384,0.02796
1,245,1,44.5549,0.02796
1,246,1,44.5714,0.02796
1,247,1,44.5878,0.02796
1,248,1,44.6041,0.02796
1,249,1,44.6203,0.02795
1,250,1,44.6365,0.02795
1,251,1,44.6525,0.02795
1,252,1,44.6685,0.02795
1,253,1,44.6844,0.02795
1,254,1,44.7002,0.02795
1,255,1,44.716,0.02794
1,256,1,44.7316,0.02794
1,257,1,44.7472,0.02794
1,258,1,44.7627,0.02794
1,259,1,44.7781,0.02794
1,260,1,44.7935,0.02794
1,261,1,44.8088,0.02794
1,262,1,44.824,0.02793
1,263,1,44.8391,0.02793
1,264,1,44.8542,0.02793
1,265,1,44.8691,0.02793
1,266,1,44.884,0.02793
1,267,1,44.8989,0.02793
1,268,1,44.9136,0.02793
1,269,1,44.9283,0.02793
1,270,1,44.9429,0.02792
1,271,1,44.9575,0.02792
1,272,1,44.972,0.02792
1,273,1,44.9864,0.02792
1,274,1,45.0007,0.02792
1,275,1,45.015,0.02792
1,276,1,45.0292,0.02792
1,277,1,45.0433,0.02792
1,278,1,45.0573,0.02792
1,279,1,45.0713,0.02791
1,280,1,45.0853,0.02791
1,281,1,45.0991,0.02791
1,282,1,45.1129,0.02791
1,283,1,45.1267,0.02791
1,284,1,45.1403,0.02791
1,285,1,45.1539,0.02791
1,286,1,45.1674,0.02791
1,287,1,45.1809,0.02791
1,288,1,45.1943,0.02791
1,289,1,45.2077,0.02791
1,290,1,45.2209,0.02791
1,291,1,45.2341,0.0279
1,292,1,45.2473,0.0279
1,293,1,45.2604,0.0279
1,294,1,45.2734,0.0279
1,295,1,45.2864,0.0279
1,296,1,45.2993,0.0279
1,297,1,45.3121,0.0279
1,298,1,45.3249,0.0279
1,299,1,45.3377,0.0279
1,300,1,45.3503,0.0279
1,301,1,45.3629,0.0279
1,302,1,45.3755,0.0279
1,303,1,45.388,0.0279
1,304,1,45.4004,0.0279
1,305,1,45.4128,0.0279
1,306,1,45.4251,0.0279
1,307,1,45.4374,0.02789
1,308,1,45.4496,0.02789
1,309,1,45.4618,0.02789
1,310,1,45.4739,0.02789
1,311,1,45.4859,0.02789
1,312,1,45.4979,0.02789
1,313,1,45.5098,0.02789
1,314,1,45.5217,0.02789
1,315,1,45.5336,0.02789
1,316,1,45.5453,0.02789
1,317,1,45.5571,0.02789
1,318,1,45.5687,0.02789
1,319,1,45.5803,0.02789
1,320,1,45.5919,0.02789
1,321,1,45.6034,0.02789
1,322,1,45.6149,0.02789
1,323,1,45.6263,0.02789
1,324,1,45.6376,0.02789
1,325,1,45.6489,0.02789
1,326,1,45.6602,0.02789
1,327,1,45.6714,0.02789
1,328,1,45.6826,0.02789
1,329,1,45.6937,0.02789
1,330,1,45.7047,0.02789
1,331,1,45.7158,0.02789
1,332,1,45.7267,0.02789
1,333,1,45.7376,0.02789
1,334,1,45.7485,0.02789
1,335,1,45.7593,0.02789
1,336,1,45.7701,0.02789
1,337,1,45.7808,0.02789
1,338,1,45.7915,0.02789
1,339,1,45.8022,0.02789
1,340,1,45.8128,0.02789
1,341,1,45.8233,0.02788
1,342,1,45.8338,0.02788
1,343,1,45.8443,0.02788
1,344,1,45.8547,0.02788
1,345,1,45.8651,0.02788
1,346,1,45.8754,0.02788
1,347,1,45.8857,0.02788
1,348,1,45.8959,0.02788
1,349,1,45.9061,0.02788
1,350,1,45.9163,0.02788
1,351,1,45.9264,0.02788
1,352,1,45.9364,0.02788
1,353,1,45.9465,0.02788
1,354,1,45.9565,0.02788
1,355,1,45.9664,0.02788
1,356,1,45.9763,0.02788
1,357,1,45.9862,0.02788
1,358,1,45.996,0.02788
1,359,1,46.0058,0.02788
1,360,1,46.0155,0.02788
1,361,1,46.0252,0.02788
1,362,1,46.0349,0.02789
1,363,1,46.0445,0.02789
1,364,1,46.0541,0.02789
1,365,1,46.0637,0.02789
1,366,1,46.0732,0.02789
1,367,1,46.0827,0.02789
1,368,1,46.0921,0.02789
1,369,1,46.1015,0.02789
1,370,1,46.1109,0.02789
1,371,1,46.1202,0.02789
1,372,1,46.1295,0.02789
1,373,1,46.1387,0.02789
1,374,1,46.148,0.02789
1,375,1,46.1572,0.02789
1,376,1,46.1663,0.02789
1,377,1,46.1754,0.02789
1,378,1,46.1845,0.02789
1,379,1,46.1935,0.02789
1,380,1,46.2025,0.02789
1,381,1,46.2115,0.02789
1,382,1,46.2204,0.02789
1,383,1,46.2294,0.02789
1,384,1,46.2382,0.02789
1,385,1,46.2471,0.02789
1,386,1,46.2559,0.02789
1,387,1,46.2646,0.02789
1,388,1,46.2734,0.02789
1,389,1,46.2821,0.02789
1,390,1,46.2908,0.02789
1,391,1,46.2994,0.02789
1,392,1,46.308,0.02789
1,393,1,46.3166,0.02789
1,394,1,46.3251,0.02789
1,395,1,46.3337,0.02789
1,396,1,46.3421,0.02789
1,397,1,46.3506,0.02789
1,398,1,46.359,0.02789
1,399,1,46.3674,0.02789
1,400,1,46.3758,0.02789
1,401,1,46.3841,0.02789
1,402,1,46.3924,0.0279
1,403,1,46.4007,0.0279
1,404,1,46.409,0.0279
1,405,1,46.4172,0.0279
1,406,1,46.4254,0.0279
1,407,1,46.4335,0.0279
1,408,1,46.4417,0.0279
1,409,1,46.4498,0.0279
1,410,1,46.4578,0.0279
1,411,1,46.4659,0.0279
1,412,1,46.4739,0.0279
1,413,1,46.4819,0.0279
1,414,1,46.4899,0.0279
1,415,1,46.4978,0.0279
1,416,1,46.5057,0.0279
1,417,1,46.5136,0.0279
1,418,1,46.5215,0.0279
1,419,1,46.5293,0.0279
1,420,1,46.5371,0.0279
1,421,1,46.5449,0.0279
1,422,1,46.5527,0.0279
1,423,1,46.5604,0.0279
1,424,1,46.5681,0.0279
1,425,1,46.5758,0.02791
1,426,1,46.5834,0.02791
1,427,1,46.591,0.02791
1,428,1,46.5987,0.02791
1,429,1,46.6062,0.02791
1,430,1,46.6138,0.02791
1,431,1,46.6213,0.02791
1,432,1,46.6288,0.02791
1,433,1,46.6363,0.02791
1,434,1,46.6438,0.02791
1,435,1,46.6512,0.02791
1,436,1,46.6586,0.02791
1,437,1,46.666,0.02791
1,438,1,46.6734,0.02791
1,439,1,46.6807,0.02791
1,440,1,46.688,0.02791
1,441,1,46.6953,0.02791
1,442,1,46.7026,0.02791
1,443,1,46.7098,0.02792
1,444,1,46.7171,0.02792
1,445,1,46.7243,0.02792
1,446,1,46.7314,0.02792
1,447,1,46.7386,0.02792
1,448,1,46.7457,0.02792
1,449,1,46.7529,0.02792
1,450,1,46.76,0.02792
1,451,1,46.767,0.02792
1,452,1,46.7741,0.02792
1,453,1,46.7811,0.02792
1,454,1,46.7881,0.02792
1,455,1,46.7951,0.02792
1,456,1,46.8021,0.02792
1,457,1,46.809,0.02792
1,458,1,46.816,0.02792
1,459,1,46.8229,0.02793
1,460,1,46.8298,0.02793
1,461,1,46.8366,0.02793
1,462,1,46.8435,0.02793
1,463,1,46.8503,0.02793
1,464,1,46.8571,0.02793
1,465,1,46.8639,0.02793
1,466,1,46.8707,0.02793
1,467,1,46.8775,0.02793
1,468,1,46.8842,0.02793
1,469,1,46.8909,0.02793
1,470,1,46.8976,0.02793
1,471,1,46.9043,0.02793
1,472,1,46.911,0.02793
1,473,1,46.9176,0.02794
1,474,1,46.9242,0.02794
1,475,1,46.9308,0.02794
1,476,1,46.9374,0.02794
1,477,1,46.944,0.02794
1,478,1,46.9505,0.02794
1,479,1,46.9571,0.02794
1,480,1,46.9636,0.02794
1,481,1,46.9701,0.02794
1,482,1,46.9766,0.02794
1,483,1,46.9831,0.02794
1,484,1,46.9895,0.02794
1,485,1,46.996,0.02794
1,486,1,47.0024,0.02795
1,487,1,47.0088,0.02795
1,488,1,47.0152,0.02795
1,489,1,47.0215,0.02795
1,490,1,47.0279,0.02795
1,491,1,47.0342,0.02795
1,492,1,47.0405,0.02795
1,493,1,47.0468,0.02795
1,494,1,47.0531,0.02795
1,495,1,47.0594,0.02795
1,496,1,47.0657,0.02795
1,497,1,47.0719,0.02795
1,498,1,47.0781,0.02795
1,499,1,47.0843,0.02796
1,500,1,47.0905,0.02796
1,501,1,47.0967,0.02796
1,502,1,47.1029,0.02796
1,503,1,47.109,0.02796
1,504,1,47.1152,0.02796
1,505,1,47.1213,0.02796
1,506,1,47.1274,0.02796
1,507,1,47.1335,0.02796
1,508,1,47.1396,0.02796
1,509,1,47.1456,0.02796
1,510,1,47.1517,0.02796
1,511,1,47.1577,0.02797
1,512,1,47.1637,0.02797
1,513,1,47.1697,0.02797
1,514,1,47.1757,0.02797
1,515,1,47.1817,0.02797
1,516,1,47.1877,0.02797
1,517,1,47.1936,0.02797
1,518,1,47.1995,0.02797
1,519,1,47.2055,0.02797
1,520,1,47.2114,0.02797
1,521,1,47.2173,0.02797
1,522,1,47.2232,0.02797
1,523,1,47.229,0.02798
1,524,1,47.2349,0.02798
1,525,1,47.2407,0.02798
1,526,1,47.2466,0.02798
1,527,1,47.2524,0.02798
1,528,1,47.2582,0.02798
1,529,1,47.264,0.02798
1,530,1,47.2698,0.02798
1,531,1,47.2755,0.02798
1,532,1,47.2813,0.02798
1,533,1,47.287,0.02798
1,534,1,47.2928,0.02799
1,535,1,47.2985,0.02799
1,536,1,47.3042,0.02799
1,537,1,47.3099,0.02799
1,538,1,47.3156,0.02799
1,539,1,47.3213,0.02799
1,540,1,47.3269,0.02799
1,541,1,47.3326,0.02799
1,542,1,47.3382,0.02799
1,543,1,47.3438,0.02799
1,544,1,47.3494,0.028
1,545,1,47.3551,0.028
1,546,1,47.3606,0.028
1,547,1,47.3662,0.028
1,548,1,47.3718,0.028
1,549,1,47.3774,0.028
1,550,1,47.3829,0.028
1,551,1,47.3884,0.028
1,552,1,47.394,0.028
1,553,1,47.3995,0.028
1,554,1,47.405,0.028
1,555,1,47.4105,0.02801
1,556,1,47.416,0.02801
1,557,1,47.4215,0.02801
1,558,1,47.4269,0.02801
1,559,1,47.4324,0.02801
1,560,1,47.4378,0.02801
1,561,1,47.4432,0.02801
1,562,1,47.4487,0.02801
1,563,1,47.4541,0.02801
1,564,1,47.4595,0.02801
1,565,1,47.4649,0.02802
1,566,1,47.4703,0.02802
1,567,1,47.4756,0.02802
1,568,1,47.481,0.02802
1,569,1,47.4863,0.02802
1,570,1,47.4917,0.02802
1,571,1,47.497,0.02802
1,572,1,47.5023,0.02802
1,573,1,47.5077,0.02802
1,574,1,47.513,0.02802
1,575,1,47.5183,0.02803
1,576,1,47.5236,0.02803
1,577,1,47.5288,0.02803
1,578,1,47.5341,0.02803
1,579,1,47.5394,0.02803
1,580,1,47.5446,0.02803
1,581,1,47.5498,0.02803
1,582,1,47.5551,0.02803
1,583,1,47.5603,0.02803
1,584,1,47.5655,0.02804
1,585,1,47.5707,0.02804
1,586,1,47.5759,0.02804
1,587,1,47.5811,0.02804
1,588,1,47.5863,0.02804
1,589,1,47.5915,0.02804
1,590,1,47.5966,0.02804
1,591,1,47.6018,0.02804
1,592,1,47.6069,0.02804
1,593,1,47.612,0.02805
1,594,1,47.6172,0.02805
1,595,1,47.6223,0.02805
1,596,1,47.6274,0.02805
1,597,1,47.6325,0.02805
1,598,1,47.6376,0.02805
1,599,1,47.6427,0.02805
1,600,1,47.6478,0.02805
1,601,1,47.6528,0.02805
1,602,1,47.6579,0.02805
1,603,1,47.663,0.02806
1,604,1,47.668,0.02806
1,605,1,47.673,0.02806
1,606,1,47.6781,0.02806
1,607,1,47.6831,0.02806
1,608,1,47.6881,0.02806
1,609,1,47.6931,0.02806
1,610,1,47.6981,0.02806
1,611,1,47.7031,0.02806
1,612,1,47.7081,0.02807
1,613,1,47.7131,0.02807
1,614,1,47.718,0.02807
1,615,1,47.723,0.02807
1,616,1,47.728,0.02807
1,617,1,47.7329,0.02807
1,618,1,47.7378,0.02807
1,619,1,47.7428,0.02807
1,620,1,47.7477,0.02808
1,621,1,47.7526,0.02808
1,622,1,47.7575,0.02808
1,623,1,47.7624,0.02808
1,624,1,47.7673,0.02808
1,625,1,47.7722,0.02808
1,626,1,47.7771,0.02808
1,627,1,47.782,0.02808
1,628,1,47.7868,0.02808
1,629,1,47.7917,0.02809
1,630,1,47.7965,0.02809
1,631,1,47.8014,0.02809
1,632,1,47.8062,0.02809
1,633,1,47.811,0.02809
1,634,1,47.8159,0.02809
1,635,1,47.8207,0.02809
1,636,1,47.8255,0.02809
1,637,1,47.8303,0.0281
1,638,1,47.8351,0.0281
1,639,1,47.8399,0.0281
1,640,1,47.8446,0.0281
1,641,1,47.8494,0.0281
1,642,1,47.8542,0.0281
1,643,1,47.859,0.0281
1,644,1,47.8637,0.0281
1,645,1,47.8685,0.0281
1,646,1,47.8732,0.02811
1,647,1,47.8779,0.02811
1,648,1,47.8827,0.02811
1,649,1,47.8874,0.02811
1,650,1,47.8921,0.02811
1,651,1,47.8968,0.02811
1,652,1,47.9015,0.02811
1,653,1,47.9062,0.02811
1,654,1,47.9109,0.02812
1,655,1,47.9156,0.02812
1,656,1,47.9202,0.02812
1,657,1,47.9249,0.02812
1,658,1,47.9296,0.02812
1,659,1,47.9342,0.02812
1,660,1,47.9389,0.02812
1,661,1,47.9435,0.02812
1,662,1,47.9482,0.02813
1,663,1,47.9528,0.02813
1,664,1,47.9574,0.02813
1,665,1,47.962,0.02813
1,666,1,47.9666,0.02813
1,667,1,47.9713,0.02813
1,668,1,47.9759,0.02813
1,669,1,47.9804,0.02813
1,670,1,47.985,0.02814
1,671,1,47.9896,0.02814
1,672,1,47.9942,0.02814
1,673,1,47.9988,0.02814
1,674,1,48.0033,0.02814
1,675,1,48.0079,0.02814
1,676,1,48.0124,0.02814
1,677,1,48.017,0.02814
1,678,1,48.0215,0.02815
1,679,1,48.026,0.02815
1,680,1,48.0306,0.02815
1,681,1,48.0351,0.02815
1,682,1,48.0396,0.02815
1,683,1,48.0441,0.02815
1,684,1,48.0486,0.02815
1,685,1,48.0531,0.02815
1,686,1,48.0576,0.02816
1,687,1,48.0621,0.02816
1,688,1,48.0666,0.02816
1,689,1,48.071,0.02816
1,690,1,48.0755,0.02816
1,691,1,48.08,0.02816
1,692,1,48.0844,0.02816
1,693,1,48.0889,0.02816
1,694,1,48.0933,0.02817
1,695,1,48.0977,0.02817
1,696,1,48.1022,0.02817
1,697,1,48.1066,0.02817
1,698,1,48.111,0.02817
1,699,1,48.1154,0.02817
1,700,1,48.1198,0.02817
1,701,1,48.1242,0.02817
1,702,1,48.1286,0.02818
1,703,1,48.133,0.02818
1,704,1,48.1374,0.02818
1,705,1,48.1418,0.02818
1,706,1,48.1462,0.02818
1,707,1,48.1505,0.02818
1,708,1,48.1549,0.02818
1,709,1,48.1592,0.02819
1,710,1,48.1636,0.02819
1,711,1,48.1679,0.02819
1,712,1,48.1723,0.02819
1,713,1,48.1766,0.02819
1,714,1,48.1809,0.02819
1,715,1,48.1853,0.02819
1,716,1,48.1896,0.02819
1,717,1,48.1939,0.0282
1,718,1,48.1982,0.0282
1,719,1,48.2025,0.0282
1,720,1,48.2068,0.0282
1,721,1,48.2111,0.0282
1,722,1,48.2153,0.0282
1,723,1,48.2196,0.0282
1,724,1,48.2239,0.0282
1,725,1,48.2282,0.02821
1,726,1,48.2324,0.02821
1,727,1,48.2367,0.02821
1,728,1,48.2409,0.02821
1,729,1,48.2452,0.02821
1,730,1,48.2494,0.02821
1,731,1,48.2536,0.02821
1,732,1,48.2579,0.02822
1,733,1,48.2621,0.02822
1,734,1,48.2663,0.02822
1,735,1,48.2705,0.02822
1,736,1,48.2747,0.02822
1,737,1,48.2789,0.02822
1,738,1,48.2831,0.02822
1,739,1,48.2873,0.02823
1,740,1,48.2915,0.02823
1,741,1,48.2956,0.02823
1,742,1,48.2998,0.02823
1,743,1,48.304,0.02823
1,744,1,48.3081,0.02823
1,745,1,48.3123,0.02823
1,746,1,48.3164,0.02823
1,747,1,48.3206,0.02824
1,748,1,48.3247,0.02824
1,749,1,48.3288,0.02824
1,750,1,48.333,0.02824
1,751,1,48.3371,0.02824
1,752,1,48.3412,0.02824
1,753,1,48.3453,0.02824
1,754,1,48.3494,0.02825
1,755,1,48.3535,0.02825
1,756,1,48.3576,0.02825
1,757,1,48.3617,0.02825
1,758,1,48.3658,0.02825
1,759,1,48.3699,0.02825
1,760,1,48.3739,0.02825
1,761,1,48.378,0.02825
1,762,1,48.3821,0.02826
1,763,1,48.3861,0.02826
1,764,1,48.3902,0.02826
1,765,1,48.3942,0.02826
1,766,1,48.3982,0.02826
1,767,1,48.4023,0.02826
1,768,1,48.4063,0.02826
1,769,1,48.4103,0.02827
1,770,1,48.4143,0.02827
1,771,1,48.4184,0.02827
1,772,1,48.4224,0.02827
1,773,1,48.4264,0.02827
1,774,1,48.4304,0.02827
1,775,1,48.4343,0.02827
1,776,1,48.4383,0.02828
1,777,1,48.4423,0.02828
1,778,1,48.4463,0.02828
1,779,1,48.4502,0.02828
1,780,1,48.4542,0.02828
1,781,1,48.4582,0.02828
1,782,1,48.4621,0.02828
1,783,1,48.4661,0.02829
1,784,1,48.47,0.02829
1,785,1,48.4739,0.02829
1,786,1,48.4779,0.02829
1,787,1,48.4818,0.02829
1,788,1,48.4857,0.02829
1,789,1,48.4896,0.02829
1,790,1,48.4935,0.02829
1,791,1,48.4974,0.0283
1,792,1,48.5013,0.0283
1,793,1,48.5052,0.0283
1,794,1,48.5091,0.0283
1,795,1,48.513,0.0283
1,796,1,48.5169,0.0283
1,797,1,48.5207,0.0283
1,798,1,48.5246,0.02831
1,799,1,48.5285,0.02831
1,800,1,48.5323,0.02831
1,801,1,48.5362,0.02831
1,802,1,48.54,0.02831
1,803,1,48.5438,0.02831
1,804,1,48.5477,0.02831
1,805,1,48.5515,0.02832
1,806,1,48.5553,0.02832
1,807,1,48.5591,0.02832
1,808,1,48.563,0.02832
1,809,1,48.5668,0.02832
1,810,1,48.5706,0.02832
1,811,1,48.5744,0.02832
1,812,1,48.5782,0.02833
1,813,1,48.5819,0.02833
1,814,1,48.5857,0.02833
1,815,1,48.5895,0.02833
1,816,1,48.5933,0.02833
1,817,1,48.597,0.02833
1,818,1,48.6008,0.02833
1,819,1,48.6045,0.02834
1,820,1,48.6083,0.02834
1,821,1,48.612,0.02834
1,822,1,48.6158,0.02834
1,823,1,48.6195,0.02834
1,824,1,48.6232,0.02834
1,825,1,48.627,0.02834
1,826,1,48.6307,0.02835
1,827,1,48.6344,0.02835
1,828,1,48.6381,0.02835
1,829,1,48.6418,0.02835
1,830,1,48.6455,0.02835
1,831,1,48.6492,0.02835
1,832,1,48.6529,0.02835
1,833,1,48.6566,0.02835
1,834,1,48.6602,0.02836
1,835,1,48.6639,0.02836
1,836,1,48.6676,0.02836
1,837,1,48.6712,0.02836
1,838,1,48.6749,0.02836
1,839,1,48.6785,0.02836
1,840,1,48.6822,0.02836
1,841,1,48.6858,0.02837
1,842,1,48.6895,0.02837
1,843,1,48.6931,0.02837
1,844,1,48.6967,0.02837
1,845,1,48.7003,0.02837
1,846,1,48.7039,0.02837
1,847,1,48.7076,0.02837
1,848,1,48.7112,0.02838
1,849,1,48.7148,0.02838
1,850,1,48.7184,0.02838
1,851,1,48.7219,0.02838
1,852,1,48.7255,0.02838
1,853,1,48.7291,0.02838
1,854,1,48.7327,0.02838
1,855,1,48.7363,0.02839
1,856,1,48.7398,0.02839
1,857,1,48.7434,0.02839
1,858,1,48.7469,0.02839
1,859,1,48.7505,0.02839
1,860,1,48.754,0.02839
1,861,1,48.7576,0.02839
1,862,1,48.7611,0.0284
1,863,1,48.7646,0.0284
1,864,1,48.7681,0.0284
1,865,1,48.7717,0.0284
1,866,1,48.7752,0.0284
1,867,1,48.7787,0.0284
1,868,1,48.7822,0.0284
1,869,1,48.7857,0.02841
1,870,1,48.7892,0.02841
1,871,1,48.7927,0.02841
1,872,1,48.7962,0.02841
1,873,1,48.7996,0.02841
1,874,1,48.8031,0.02841
1,875,1,48.8066,0.02841
1,876,1,48.81,0.02842
1,877,1,48.8135,0.02842
1,878,1,48.8169,0.02842
1,879,1,48.8204,0.02842
1,880,1,48.8238,0.02842
1,881,1,48.8273,0.02842
1,882,1,48.8307,0.02842
1,883,1,48.8341,0.02843
1,884,1,48.8376,0.02843
1,885,1,48.841,0.02843
1,886,1,48.8444,0.02843
1,887,1,48.8478,0.02843
1,888,1,48.8512,0.02843
1,889,1,48.8546,0.02843
1,890,1,48.858,0.02843
1,891,1,48.8614,0.02844
1,892,1,48.8648,0.02844
1,893,1,48.8681,0.02844
1,894,1,48.8715,0.02844
1,895,1,48.8749,0.02844
1,896,1,48.8783,0.02844
1,897,1,48.8816,0.02844
1,898,1,48.885,0.02845
1,899,1,48.8883,0.02845
1,900,1,48.8917,0.02845
1,901,1,48.895,0.02845
1,902,1,48.8983,0.02845
1,903,1,48.9017,0.02845
1,904,1,48.905,0.02845
1,905,1,48.9083,0.02846
1,906,1,48.9116,0.02846
1,907,1,48.9149,0.02846
1,908,1,48.9182,0.02846
1,909,1,48.9215,0.02846
1,910,1,48.9248,0.02846
1,911,1,48.9281,0.02846
1,912,1,48.9314,0.02847
1,913,1,48.9347,0.02847
1,914,1,48.938,0.02847
1,915,1,48.9413,0.02847
1,916,1,48.9445,0.02847
1,917,1,48.9478,0.02847
1,918,1,48.951,0.02847
1,919,1,48.9543,0.02848
1,920,1,48.9575,0.02848
1,921,1,48.9608,0.02848
1,922,1,48.964,0.02848
1,923,1,48.9673,0.02848
1,924,1,48.9705,0.02848
1,925,1,48.9737,0.02848
1,926,1,48.9769,0.02848
1,927,1,48.9802,0.02849
1,928,1,48.9834,0.02849
1,929,1,48.9866,0.02849
1,930,1,48.9898,0.02849
1,931,1,48.993,0.02849
1,932,1,48.9962,0.02849
1,933,1,48.9993,0.02849
1,934,1,49.0025,0.0285
1,935,1,49.0057,0.0285
1,936,1,49.0089,0.0285
1,937,1,49.0121,0.0285
1,938,1,49.0152,0.0285
1,939,1,49.0184,0.0285
1,940,1,49.0215,0.0285
1,941,1,49.0247,0.02851
1,942,1,49.0278,0.02851
1,943,1,49.031,0.02851
1,944,1,49.0341,0.02851
1,945,1,49.0372,0.02851
1,946,1,49.0404,0.02851
1,947,1,49.0435,0.02851
1,948,1,49.0466,0.02852
1,949,1,49.0497,0.02852
1,950,1,49.0528,0.02852
1,951,1,49.0559,0.02852
1,952,1,49.059,0.02852
1,953,1,49.0621,0.02852
1,954,1,49.0652,0.02852
1,955,1,49.0683,0.02852
1,956,1,49.0714,0.02853
1,957,1,49.0744,0.02853
1,958,1,49.0775,0.02853
1,959,1,49.0806,0.02853
1,960,1,49.0836,0.02853
1,961,1,49.0867,0.02853
1,962,1,49.0898,0.02853
1,963,1,49.0928,0.02854
1,964,1,49.0958,0.02854
1,965,1,49.0989,0.02854
1,966,1,49.1019,0.02854
1,967,1,49.1049,0.02854
1,968,1,49.108,0.02854
1,969,1,49.111,0.02854
1,970,1,49.114,0.02854
1,971,1,49.117,0.02855
1,972,1,49.12,0.02855
1,973,1,49.123,0.02855
1,974,1,49.126,0.02855
1,975,1,49.129,0.02855
1,976,1,49.132,0.02855
1,977,1,49.135,0.02855
1,978,1,49.138,0.02856
1,979,1,49.141,0.02856
1,980,1,49.1439,0.02856
1,981,1,49.1469,0.02856
1,982,1,49.1499,0.02856
1,983,1,49.1528,0.02856
1,984,1,49.1558,0.02856
1,985,1,49.1588,0.02857
1,986,1,49.1617,0.02857
1,987,1,49.1646,0.02857
1,988,1,49.1676,0.02857
1,989,1,49.1705,0.02857
1,990,1,49.1735,0.02857
1,991,1,49.1764,0.02857
1,992,1,49.1793,0.02857
1,993,1,49.1822,0.02858
1,994,1,49.1851,0.02858
1,995,1,49.188,0.02858
1,996,1,49.1909,0.02858
1,997,1,49.1938,0.02858
1,998,1,49.1967,0.02858
1,999,1,49.1996,0.02858
1,1000,1,49.2025,0.02859
1,1001,1,49.2054,0.02859
1,1002,1,49.2083,0.02859
1,1003,1,49.2112,0.02859
1,1004,1,49.214,0.02859
1,1005,1,49.2169,0.02859
1,1006,1,49.2198,0.02859
1,1007,1,49.2226,0.02859
1,1008,1,49.2255,0.0286
1,1009,1,49.2283,0.0286
1,1010,1,49.2312,0.0286
1,1011,1,49.234,0.0286
1,1012,1,49.2369,0.0286
1,1013,1,49.2397,0.0286
1,1014,1,49.2425,0.0286
1,1015,1,49.2454,0.02861
1,1016,1,49.2482,0.02861
1,1017,1,49.251,0.02861
1,1018,1,49.2538,0.02861
1,1019,1,49.2566,0.02861
1,1020,1,49.2594,0.02861
1,1021,1,49.2622,0.02861
1,1022,1,49.265,0.02861
1,1023,1,49.2678,0.02862
1,1024,1,49.2706,0.02862
1,1025,1,49.2734,0.02862
1,1026,1,49.2762,0.02862
1,1027,1,49.279,0.02862
1,1028,1,49.2818,0.02862
1,1029,1,49.2845,0.02862
1,1030,1,49.2873,0.02862
1,1031,1,49.2901,0.02863
1,1032,1,49.2928,0.02863
1,1033,1,49.2956,0.02863
1,1034,1,49.2983,0.02863
1,1035,1,49.3011,0.02863
1,1036,1,49.3038,0.02863
1,1037,1,49.3066,0.02863
1,1038,1,49.3093,0.02864
1,1039,1,49.312,0.02864
1,1040,1,49.3148,0.02864
1,1041,1,49.3175,0.02864
1,1042,1,49.3202,0.02864
1,1043,1,49.3229,0.02864
1,1044,1,49.3257,0.02864
1,1045,1,49.3284,0.02864
1,1046,1,49.3311,0.02865
1,1047,1,49.3338,0.02865
1,1048,1,49.3365,0.02865
1,1049,1,49.3392,0.02865
1,1050,1,49.3419,0.02865
1,1051,1,49.3446,0.02865
1,1052,1,49.3472,0.02865
1,1053,1,49.3499,0.02865
1,1054,1,49.3526,0.02866
1,1055,1,49.3553,0.02866
1,1056,1,49.3579,0.02866
1,1057,1,49.3606,0.02866
1,1058,1,49.3633,0.02866
1,1059,1,49.3659,0.02866
1,1060,1,49.3686,0.02866
1,1061,1,49.3712,0.02867
1,1062,1,49.3739,0.02867
1,1063,1,49.3765,0.02867
1,1064,1,49.3792,0.02867
1,1065,1,49.3818,0.02867
1,1066,1,49.3844,0.02867
1,1067,1,49.3871,0.02867
1,1068,1,49.3897,0.02867
1,1069,1,49.3923,0.02868
1,1070,1,49.395,0.02868
1,1071,1,49.3976,0.02868
1,1072,1,49.4002,0.02868
1,1073,1,49.4028,0.02868
1,1074,1,49.4054,0.02868
1,1075,1,49.408,0.02868
1,1076,1,49.4106,0.02868
1,1077,1,49.4132,0.02869
1,1078,1,49.4158,0.02869
1,1079,1,49.4184,0.02869
1,1080,1,49.421,0.02869
1,1081,1,49.4235,0.02869
1,1082,1,49.4261,0.02869
1,1083,1,49.4287,0.02869
1,1084,1,49.4313,0.02869
1,1085,1,49.4338,0.0287
1,1086,1,49.4364,0.0287
1,1087,1,49.439,0.0287
1,1088,1,49.4415,0.0287
1,1089,1,49.4441,0.0287
1,1090,1,49.4466,0.0287
1,1091,1,49.4492,0.0287
1,1092,1,49.4517,0.0287
1,1093,1,49.4543,0.02871
1,1094,1,49.4568,0.02871
1,1095,1,49.4593,0.02871
1,1096,1,49.4619,0.02871
1,1097,1,49.4644,0.02871
1,1098,1,49.4669,0.02871
1,1099,1,49.4694,0.02871
1,1100,1,49.4719,0.02871
1,1101,1,49.4745,0.02872
1,1102,1,49.477,0.02872
1,1103,1,49.4795,0.02872
1,1104,1,49.482,0.02872
1,1105,1,49.4845,0.02872
1,1106,1,49.487,0.02872
1,1107,1,49.4895,0.02872
1,1108,1,49.492,0.02872
1,1109,1,49.4944,0.02873
1,1110,1,49.4969,0.02873
1,1111,1,49.4994,0.02873
1,1112,1,49.5019,0.02873
1,1113,1,49.5044,0.02873
1,1114,1,49.5068,0.02873
1,1115,1,49.5093,0.02873
1,1116,1,49.5118,0.02873
1,1117,1,49.5142,0.02874
1,1118,1,49.5167,0.02874
1,1119,1,49.5191,0.02874
1,1120,1,49.5216,0.02874
1,1121,1,49.524,0.02874
1,1122,1,49.5265,0.02874
1,1123,1,49.5289,0.02874
1,1124,1,49.5314,0.02874
1,1125,1,49.5338,0.02875
1,1126,1,49.5362,0.02875
1,1127,1,49.5387,0.02875
1,1128,1,49.5411,0.02875
1,1129,1,49.5435,0.02875
1,1130,1,49.5459,0.02875
1,1131,1,49.5483,0.02875
1,1132,1,49.5508,0.02875
1,1133,1,49.5532,0.02876
1,1134,1,49.5556,0.02876
1,1135,1,49.558,0.02876
1,1136,1,49.5604,0.02876
1,1137,1,49.5628,0.02876
1,1138,1,49.5652,0.02876
1,1139,1,49.5676,0.02876
1,1140,1,49.57,0.02876
1,1141,1,49.5723,0.02877
1,1142,1,49.5747,0.02877
1,1143,1,49.5771,0.02877
1,1144,1,49.5795,0.02877
1,1145,1,49.5819,0.02877
1,1146,1,49.5842,0.02877
1,1147,1,49.5866,0.02877
1,1148,1,49.589,0.02877
1,1149,1,49.5913,0.02878
1,1150,1,49.5937,0.02878
1,1151,1,49.5961,0.02878
1,1152,1,49.5984,0.02878
1,1153,1,49.6008,0.02878
1,1154,1,49.6031,0.02878
1,1155,1,49.6054,0.02878
1,1156,1,49.6078,0.02878
1,1157,1,49.6101,0.02878
1,1158,1,49.6125,0.02879
1,1159,1,49.6148,0.02879
1,1160,1,49.6171,0.02879
1,1161,1,49.6195,0.02879
1,1162,1,49.6218,0.02879
1,1163,1,49.6241,0.02879
1,1164,1,49.6264,0.02879
1,1165,1,49.6287,0.02879
1,1166,1,49.6311,0.0288
1,1167,1,49.6334,0.0288
1,1168,1,49.6357,0.0288
1,1169,1,49.638,0.0288
1,1170,1,49.6403,0.0288
1,1171,1,49.6426,0.0288
1,1172,1,49.6449,0.0288
1,1173,1,49.6472,0.0288
1,1174,1,49.6495,0.02881
1,1175,1,49.6517,0.02881
1,1176,1,49.654,0.02881
1,1177,1,49.6563,0.02881
1,1178,1,49.6586,0.02881
1,1179,1,49.6609,0.02881
1,1180,1,49.6631,0.02881
1,1181,1,49.6654,0.02881
1,1182,1,49.6677,0.02882
1,1183,1,49.67,0.02882
1,1184,1,49.6722,0.02882
1,1185,1,49.6745,0.02882
1,1186,1,49.6767,0.02882
1,1187,1,49.679,0.02882
1,1188,1,49.6812,0.02882
1,1189,1,49.6835,0.02882
1,1190,1,49.6857,0.02882
1,1191,1,49.688,0.02883
1,1192,1,49.6902,0.02883
1,1193,1,49.6925,0.02883
1,1194,1,49.6947,0.02883
1,1195,1,49.6969,0.02883
1,1196,1,49.6992,0.02883
1,1197,1,49.7014,0.02883
1,1198,1,49.7036,0.02883
1,1199,1,49.7059,0.02884
1,1200,1,49.7081,0.02884
1,1201,1,49.7103,0.02884
1,1202,1,49.7125,0.02884
1,1203,1,49.7147,0.02884
1,1204,1,49.7169,0.02884
1,1205,1,49.7191,0.02884
1,1206,1,49.7213,0.02884
1,1207,1,49.7235,0.02884
1,1208,1,49.7257,0.02885
1,1209,1,49.7279,0.02885
1,1210,1,49.7301,0.02885
1,1211,1,49.7323,0.02885
1,1212,1,49.7345,0.02885
1,1213,1,49.7367,0.02885
1,1214,1,49.7389,0.02885
1,1215,1,49.7411,0.02885
1,1216,1,49.7433,0.02886
1,1217,1,49.7454,0.02886
1,1218,1,49.7476,0.02886
1,1219,1,49.7498,0.02886
1,1220,1,49.752,0.02886
1,1221,1,49.7541,0.02886
1,1222,1,49.7563,0.02886
1,1223,1,49.7584,0.02886
1,1224,1,49.7606,0.02886
1,1225,1,49.7628,0.02887
1,1226,1,49.7649,0.02887
1,1227,1,49.7671,0.02887
1,1228,1,49.7692,0.02887
1,1229,1,49.7714,0.02887
1,1230,1,49.7735,0.02887
1,1231,1,49.7757,0.02887
1,1232,1,49.7778,0.02887
1,1233,1,49.7799,0.02887
1,1234,1,49.7821,0.02888
1,1235,1,49.7842,0.02888
1,1236,1,49.7863,0.02888
1,1237,1,49.7885,0.02888
1,1238,1,49.7906,0.02888
1,1239,1,49.7927,0.02888
1,1240,1,49.7948,0.02888
1,1241,1,49.797,0.02888
1,1242,1,49.7991,0.02889
1,1243,1,49.8012,0.02889
1,1244,1,49.8033,0.02889
1,1245,1,49.8054,0.02889
1,1246,1,49.8075,0.02889
1,1247,1,49.8096,0.02889
1,1248,1,49.8117,0.02889
1,1249,1,49.8138,0.02889
1,1250,1,49.8159,0.02889
1,1251,1,49.818,0.0289
1,1252,1,49.8201,0.0289
1,1253,1,49.8222,0.0289
1,1254,1,49.8243,0.0289
1,1255,1,49.8264,0.0289
1,1256,1,49.8285,0.0289
1,1257,1,49.8305,0.0289
1,1258,1,49.8326,0.0289
1,1259,1,49.8347,0.0289
1,1260,1,49.8368,0.02891
1,1261,1,49.8389,0.02891
1,1262,1,49.8409,0.02891
1,1263,1,49.843,0.02891
1,1264,1,49.8451,0.02891
1,1265,1,49.8471,0.02891
1,1266,1,49.8492,0.02891
1,1267,1,49.8512,0.02891
1,1268,1,49.8533,0.02891
1,1269,1,49.8554,0.02892
1,1270,1,49.8574,0.02892
1,1271,1,49.8595,0.02892
1,1272,1,49.8615,0.02892
1,1273,1,49.8635,0.02892
1,1274,1,49.8656,0.02892
1,1275,1,49.8676,0.02892
1,1276,1,49.8697,0.02892
1,1277,1,49.8717,0.02892
1,1278,1,49.8737,0.02893
1,1279,1,49.8758,0.02893
1,1280,1,49.8778,0.02893
1,1281,1,49.8798,0.02893
1,1282,1,49.8819,0.02893
1,1283,1,49.8839,0.02893
1,1284,1,49.8859,0.02893
1,1285,1,49.8879,0.02893
1,1286,1,49.8899,0.02893
1,1287,1,49.8919,0.02894
1,1288,1,49.894,0.02894
1,1289,1,49.896,0.02894
1,1290,1,49.898,0.02894
1,1291,1,49.9,0.02894
1,1292,1,49.902,0.02894
1,1293,1,49.904,0.02894
1,1294,1,49.906,0.02894
1,1295,1,49.908,0.02894
1,1296,1,49.91,0.02895
1,1297,1,49.912,0.02895
1,1298,1,49.914,0.02895
1,1299,1,49.916,0.02895
1,1300,1,49.9179,0.02895
1,1301,1,49.9199,0.02895
1,1302,1,49.9219,0.02895
1,1303,1,49.9239,0.02895
1,1304,1,49.9259,0.02895
1,1305,1,49.9278,0.02896
1,1306,1,49.9298,0.02896
1,1307,1,49.9318,0.02896
1,1308,1,49.9338,0.02896
1,1309,1,49.9357,0.02896
1,1310,1,49.9377,0.02896
1,1311,1,49.9397,0.02896
1,1312,1,49.9416,0.02896
1,1313,1,49.9436,0.02896
1,1314,1,49.9455,0.02897
1,1315,1,49.9475,0.02897
1,1316,1,49.9494,0.02897
1,1317,1,49.9514,0.02897
1,1318,1,49.9533,0.02897
1,1319,1,49.9553,0.02897
1,1320,1,49.9572,0.02897
1,1321,1,49.9592,0.02897
1,1322,1,49.9611,0.02897
1,1323,1,49.963,0.02898
1,1324,1,49.965,0.02898
1,1325,1,49.9669,0.02898
1,1326,1,49.9688,0.02898
1,1327,1,49.9708,0.02898
1,1328,1,49.9727,0.02898
1,1329,1,49.9746,0.02898
1,1330,1,49.9765,0.02898
1,1331,1,49.9785,0.02898
1,1332,1,49.9804,0.02899
1,1333,1,49.9823,0.02899
1,1334,1,49.9842,0.02899
1,1335,1,49.9861,0.02899
1,1336,1,49.988,0.02899
1,1337,1,49.99,0.02899
1,1338,1,49.9919,0.02899
1,1339,1,49.9938,0.02899
1,1340,1,49.9957,0.02899
1,1341,1,49.9976,0.029
1,1342,1,49.9995,0.029
1,1343,1,50.0014,0.029
1,1344,1,50.0033,0.029
1,1345,1,50.0051,0.029
1,1346,1,50.007,0.029
1,1347,1,50.0089,0.029
1,1348,1,50.0108,0.029
1,1349,1,50.0127,0.029
1,1350,1,50.0146,0.029
1,1351,1,50.0165,0.02901
1,1352,1,50.0183,0.02901
1,1353,1,50.0202,0.02901
1,1354,1,50.0221,0.02901
1,1355,1,50.024,0.02901
1,1356,1,50.0258,0.02901
1,1357,1,50.0277,0.02901
1,1358,1,50.0296,0.02901
1,1359,1,50.0314,0.02901
1,1360,1,50.0333,0.02902
1,1361,1,50.0351,0.02902
1,1362,1,50.037,0.02902
1,1363,1,50.0389,0.02902
1,1364,1,50.0407,0.02902
1,1365,1,50.0426,0.02902
1,1366,1,50.0444,0.02902
1,1367,1,50.0463,0.02902
1,1368,1,50.0481,0.02902
1,1369,1,50.05,0.02903
1,1370,1,50.0518,0.02903
1,1371,1,50.0536,0.02903
1,1372,1,50.0555,0.02903
1,1373,1,50.0573,0.02903
1,1374,1,50.0591,0.02903
1,1375,1,50.061,0.02903
1,1376,1,50.0628,0.02903
1,1377,1,50.0646,0.02903
1,1378,1,50.0665,0.02903
1,1379,1,50.0683,0.02904
1,1380,1,50.0701,0.02904
1,1381,1,50.0719,0.02904
1,1382,1,50.0737,0.02904
1,1383,1,50.0756,0.02904
1,1384,1,50.0774,0.02904
1,1385,1,50.0792,0.02904
1,1386,1,50.081,0.02904
1,1387,1,50.0828,0.02904
1,1388,1,50.0846,0.02905
1,1389,1,50.0864,0.02905
1,1390,1,50.0882,0.02905
1,1391,1,50.09,0.02905
1,1392,1,50.0918,0.02905
1,1393,1,50.0936,0.02905
1,1394,1,50.0954,0.02905
1,1395,1,50.0972,0.02905
1,1396,1,50.099,0.02905
1,1397,1,50.1008,0.02905
1,1398,1,50.1026,0.02906
1,1399,1,50.1044,0.02906
1,1400,1,50.1062,0.02906
1,1401,1,50.1079,0.02906
1,1402,1,50.1097,0.02906
1,1403,1,50.1115,0.02906
1,1404,1,50.1133,0.02906
1,1405,1,50.115,0.02906
1,1406,1,50.1168,0.02906
1,1407,1,50.1186,0.02906
1,1408,1,50.1204,0.02907
1,1409,1,50.1221,0.02907
1,1410,1,50.1239,0.02907
1,1411,1,50.1257,0.02907
1,1412,1,50.1274,0.02907
1,1413,1,50.1292,0.02907
1,1414,1,50.1309,0.02907
1,1415,1,50.1327,0.02907
1,1416,1,50.1345,0.02907
1,1417,1,50.1362,0.02908
1,1418,1,50.138,0.02908
1,1419,1,50.1397,0.02908
1,1420,1,50.1415,0.02908
1,1421,1,50.1432,0.02908
1,1422,1,50.1449,0.02908
1,1423,1,50.1467,0.02908
1,1424,1,50.1484,0.02908
1,1425,1,50.1502,0.02908
1,1426,1,50.1519,0.02908
1,1427,1,50.1536,0.02909
1,1428,1,50.1554,0.02909
1,1429,1,50.1571,0.02909
1,1430,1,50.1588,0.02909
1,1431,1,50.1606,0.02909
1,1432,1,50.1623,0.02909
1,1433,1,50.164,0.02909
1,1434,1,50.1657,0.02909
1,1435,1,50.1674,0.02909
1,1436,1,50.1692,0.02909
1,1437,1,50.1709,0.0291
1,1438,1,50.1726,0.0291
1,1439,1,50.1743,0.0291
1,1440,1,50.176,0.0291
1,1441,1,50.1777,0.0291
1,1442,1,50.1794,0.0291
1,1443,1,50.1811,0.0291
1,1444,1,50.1828,0.0291
1,1445,1,50.1845,0.0291
1,1446,1,50.1862,0.0291
1,1447,1,50.1879,0.02911
1,1448,1,50.1896,0.02911
1,1449,1,50.1913,0.02911
1,1450,1,50.193,0.02911
1,1451,1,50.1947,0.02911
1,1452,1,50.1964,0.02911
1,1453,1,50.1981,0.02911
1,1454,1,50.1998,0.02911
1,1455,1,50.2015,0.02911
1,1456,1,50.2032,0.02912
1,1457,1,50.2048,0.02912
1,1458,1,50.2065,0.02912
1,1459,1,50.2082,0.02912
1,1460,1,50.2099,0.02912
1,1461,1,50.2115,0.02912
1,1462,1,50.2132,0.02912
1,1463,1,50.2149,0.02912
1,1464,1,50.2166,0.02912
1,1465,1,50.2182,0.02912
1,1466,1,50.2199,0.02913
1,1467,1,50.2216,0.02913
1,1468,1,50.2232,0.02913
1,1469,1,50.2249,0.02913
1,1470,1,50.2265,0.02913
1,1471,1,50.2282,0.02913
1,1472,1,50.2299,0.02913
1,1473,1,50.2315,0.02913
1,1474,1,50.2332,0.02913
1,1475,1,50.2348,0.02913
1,1476,1,50.2365,0.02914
1,1477,1,50.2381,0.02914
1,1478,1,50.2398,0.02914
1,1479,1,50.2414,0.02914
1,1480,1,50.2431,0.02914
1,1481,1,50.2447,0.02914
1,1482,1,50.2463,0.02914
1,1483,1,50.248,0.02914
1,1484,1,50.2496,0.02914
1,1485,1,50.2512,0.02914
1,1486,1,50.2529,0.02914
1,1487,1,50.2545,0.02915
1,1488,1,50.2561,0.02915
1,1489,1,50.2578,0.02915
1,1490,1,50.2594,0.02915
1,1491,1,50.261,0.02915
1,1492,1,50.2627,0.02915
1,1493,1,50.2643,0.02915
1,1494,1,50.2659,0.02915
1,1495,1,50.2675,0.02915
1,1496,1,50.2691,0.02915
1,1497,1,50.2707,0.02916
1,1498,1,50.2724,0.02916
1,1499,1,50.274,0.02916
1,1500,1,50.2756,0.02916
1,1501,1,50.2772,0.02916
1,1502,1,50.2788,0.02916
1,1503,1,50.2804,0.02916
1,1504,1,50.282,0.02916
1,1505,1,50.2836,0.02916
1,1506,1,50.2852,0.02916
1,1507,1,50.2868,0.02917
1,1508,1,50.2884,0.02917
1,1509,1,50.29,0.02917
1,1510,1,50.2916,0.02917
1,1511,1,50.2932,0.02917
1,1512,1,50.2948,0.02917
1,1513,1,50.2964,0.02917
1,1514,1,50.298,0.02917
1,1515,1,50.2996,0.02917
1,1516,1,50.3012,0.02917
1,1517,1,50.3028,0.02918
1,1518,1,50.3043,0.02918
1,1519,1,50.3059,0.02918
1,1520,1,50.3075,0.02918
1,1521,1,50.3091,0.02918
1,1522,1,50.3107,0.02918
1,1523,1,50.3122,0.02918
1,1524,1,50.3138,0.02918
1,1525,1,50.3154,0.02918
1,1526,1,50.317,0.02918
1,1527,1,50.3185,0.02919
1,1528,1,50.3201,0.02919
1,1529,1,50.3217,0.02919
1,1530,1,50.3232,0.02919
1,1531,1,50.3248,0.02919
1,1532,1,50.3264,0.02919
1,1533,1,50.3279,0.02919
1,1534,1,50.3295,0.02919
1,1535,1,50.3311,0.02919
1,1536,1,50.3326,0.02919
1,1537,1,50.3342,0.02919
1,1538,1,50.3357,0.0292
1,1539,1,50.3373,0.0292
1,1540,1,50.3388,0.0292
1,1541,1,50.3404,0.0292
1,1542,1,50.3419,0.0292
1,1543,1,50.3435,0.0292
1,1544,1,50.345,0.0292
1,1545,1,50.3466,0.0292
1,1546,1,50.3481,0.0292
1,1547,1,50.3497,0.0292
1,1548,1,50.3512,0.02921
1,1549,1,50.3527,0.02921
1,1550,1,50.3543,0.02921
1,1551,1,50.3558,0.02921
1,1552,1,50.3573,0.02921
1,1553,1,50.3589,0.02921
1,1554,1,50.3604,0.02921
1,1555,1,50.3619,0.02921
1,1556,1,50.3635,0.02921
1,1557,1,50.365,0.02921
1,1558,1,50.3665,0.02921
1,1559,1,50.3681,0.02922
1,1560,1,50.3696,0.02922
1,1561,1,50.3711,0.02922
1,1562,1,50.3726,0.02922
1,1563,1,50.3741,0.02922
1,1564,1,50.3757,0.02922
1,1565,1,50.3772,0.02922
1,1566,1,50.3787,0.02922
1,1567,1,50.3802,0.02922
1,1568,1,50.3817,0.02922
1,1569,1,50.3832,0.02923
1,1570,1,50.3848,0.02923
1,1571,1,50.3863,0.02923
1,1572,1,50.3878,0.02923
1,1573,1,50.3893,0.02923
1,1574,1,50.3908,0.02923
1,1575,1,50.3923,0.02923
1,1576,1,50.3938,0.02923
1,1577,1,50.3953,0.02923
1,1578,1,50.3968,0.02923
1,1579,1,50.3983,0.02923
1,1580,1,50.3998,0.02924
1,1581,1,50.4013,0.02924
1,1582,1,50.4028,0.02924
1,1583,1,50.4043,0.02924
1,1584,1,50.4058,0.02924
1,1585,1,50.4073,0.02924
1,1586,1,50.4088,0.02924
1,1587,1,50.4102,0.02924
1,1588,1,50.4117,0.02924
1,1589,1,50.4132,0.02924
1,1590,1,50.4147,0.02925
1,1591,1,50.4162,0.02925
1,1592,1,50.4177,0.02925
1,1593,1,50.4192,0.02925
1,1594,1,50.4206,0.02925
1,1595,1,50.4221,0.02925
1,1596,1,50.4236,0.02925
1,1597,1,50.4251,0.02925
1,1598,1,50.4265,0.02925
1,1599,1,50.428,0.02925
1,1600,1,50.4295,0.02925
1,1601,1,50.431,0.02926
1,1602,1,50.4324,0.02926
1,1603,1,50.4339,0.02926
1,1604,1,50.4354,0.02926
1,1605,1,50.4368,0.02926
1,1606,1,50.4383,0.02926
1,1607,1,50.4398,0.02926
1,1608,1,50.4412,0.02926
1,1609,1,50.4427,0.02926
1,1610,1,50.4442,0.02926
1,1611,1,50.4456,0.02926
1,1612,1,50.4471,0.02927
1,1613,1,50.4485,0.02927
1,1614,1,50.45,0.02927
1,1615,1,50.4514,0.02927
1,1616,1,50.4529,0.02927
1,1617,1,50.4543,0.02927
1,1618,1,50.4558,0.02927
1,1619,1,50.4573,0.02927
1,1620,1,50.4587,0.02927
1,1621,1,50.4601,0.02927
1,1622,1,50.4616,0.02927
1,1623,1,50.463,0.02928
1,1624,1,50.4645,0.02928
1,1625,1,50.4659,0.02928
1,1626,1,50.4674,0.02928
1,1627,1,50.4688,0.02928
1,1628,1,50.4702,0.02928
1,1629,1,50.4717,0.02928
1,1630,1,50.4731,0.02928
1,1631,1,50.4746,0.02928
1,1632,1,50.476,0.02928
1,1633,1,50.4774,0.02929
1,1634,1,50.4789,0.02929
1,1635,1,50.4803,0.02929
1,1636,1,50.4817,0.02929
1,1637,1,50.4832,0.02929
1,1638,1,50.4846,0.02929
1,1639,1,50.486,0.02929
1,1640,1,50.4874,0.02929
1,1641,1,50.4889,0.02929
1,1642,1,50.4903,0.02929
1,1643,1,50.4917,0.02929
1,1644,1,50.4931,0.0293
1,1645,1,50.4945,0.0293
1,1646,1,50.496,0.0293
1,1647,1,50.4974,0.0293
1,1648,1,50.4988,0.0293
1,1649,1,50.5002,0.0293
1,1650,1,50.5016,0.0293
1,1651,1,50.503,0.0293
1,1652,1,50.5045,0.0293
1,1653,1,50.5059,0.0293
1,1654,1,50.5073,0.0293
1,1655,1,50.5087,0.02931
1,1656,1,50.5101,0.02931
1,1657,1,50.5115,0.02931
1,1658,1,50.5129,0.02931
1,1659,1,50.5143,0.02931
1,1660,1,50.5157,0.02931
1,1661,1,50.5171,0.02931
1,1662,1,50.5185,0.02931
1,1663,1,50.5199,0.02931
1,1664,1,50.5213,0.02931
1,1665,1,50.5227,0.02931
1,1666,1,50.5241,0.02932
1,1667,1,50.5255,0.02932
1,1668,1,50.5269,0.02932
1,1669,1,50.5283,0.02932
1,1670,1,50.5297,0.02932
1,1671,1,50.5311,0.02932
1,1672,1,50.5325,0.02932
1,1673,1,50.5339,0.02932
1,1674,1,50.5353,0.02932
1,1675,1,50.5367,0.02932
1,1676,1,50.5381,0.02932
1,1677,1,50.5395,0.02933
1,1678,1,50.5408,0.02933
1,1679,1,50.5422,0.02933
1,1680,1,50.5436,0.02933
1,1681,1,50.545,0.02933
1,1682,1,50.5464,0.02933
1,1683,1,50.5478,0.02933
1,1684,1,50.5491,0.02933
1,1685,1,50.5505,0.02933
1,1686,1,50.5519,0.02933
1,1687,1,50.5533,0.02933
1,1688,1,50.5547,0.02933
1,1689,1,50.556,0.02934
1,1690,1,50.5574,0.02934
1,1691,1,50.5588,0.02934
1,1692,1,50.5602,0.02934
1,1693,1,50.5615,0.02934
1,1694,1,50.5629,0.02934
1,1695,1,50.5643,0.02934
1,1696,1,50.5656,0.02934
1,1697,1,50.567,0.02934
1,1698,1,50.5684,0.02934
1,1699,1,50.5697,0.02934
1,1700,1,50.5711,0.02935
1,1701,1,50.5725,0.02935
1,1702,1,50.5738,0.02935
1,1703,1,50.5752,0.02935
1,1704,1,50.5766,0.02935
1,1705,1,50.5779,0.02935
1,1706,1,50.5793,0.02935
1,1707,1,50.5807,0.02935
1,1708,1,50.582,0.02935
1,1709,1,50.5834,0.02935
1,1710,1,50.5847,0.02935
1,1711,1,50.5861,0.02936
1,1712,1,50.5874,0.02936
1,1713,1,50.5888,0.02936
1,1714,1,50.5901,0.02936
1,1715,1,50.5915,0.02936
1,1716,1,50.5929,0.02936
1,1717,1,50.5942,0.02936
1,1718,1,50.5956,0.02936
1,1719,1,50.5969,0.02936
1,1720,1,50.5983,0.02936
1,1721,1,50.5996,0.02936
1,1722,1,50.601,0.02937
1,1723,1,50.6023,0.02937
1,1724,1,50.6036,0.02937
1,1725,1,50.605,0.02937
1,1726,1,50.6063,0.02937
1,1727,1,50.6077,0.02937
1,1728,1,50.609,0.02937
1,1729,1,50.6104,0.02937
1,1730,1,50.6117,0.02937
1,1731,1,50.613,0.02937
1,1732,1,50.6144,0.02937
1,1733,1,50.6157,0.02937
1,1734,1,50.6171,0.02938
1,1735,1,50.6184,0.02938
1,1736,1,50.6197,0.02938
1,1737,1,50.6211,0.02938
1,1738,1,50.6224,0.02938
1,1739,1,50.6237,0.02938
1,1740,1,50.6251,0.02938
1,1741,1,50.6264,0.02938
1,1742,1,50.6277,0.02938
1,1743,1,50.6291,0.02938
1,1744,1,50.6304,0.02938
1,1745,1,50.6317,0.02939
1,1746,1,50.6331,0.02939
1,1747,1,50.6344,0.02939
1,1748,1,50.6357,0.02939
1,1749,1,50.637,0.02939
1,1750,1,50.6384,0.02939
1,1751,1,50.6397,0.02939
1,1752,1,50.641,0.02939
1,1753,1,50.6423,0.02939
1,1754,1,50.6437,0.02939
1,1755,1,50.645,0.02939
1,1756,1,50.6463,0.0294
1,1757,1,50.6476,0.0294
1,1758,1,50.649,0.0294
1,1759,1,50.6503,0.0294
1,1760,1,50.6516,0.0294
1,1761,1,50.6529,0.0294
1,1762,1,50.6542,0.0294
1,1763,1,50.6555,0.0294
1,1764,1,50.6569,0.0294
1,1765,1,50.6582,0.0294
1,1766,1,50.6595,0.0294
1,1767,1,50.6608,0.0294
1,1768,1,50.6621,0.02941
1,1769,1,50.6634,0.02941
1,1770,1,50.6647,0.02941
1,1771,1,50.6661,0.02941
1,1772,1,50.6674,0.02941
1,1773,1,50.6687,0.02941
1,1774,1,50.67,0.02941
1,1775,1,50.6713,0.02941
1,1776,1,50.6726,0.02941
1,1777,1,50.6739,0.02941
1,1778,1,50.6752,0.02941
1,1779,1,50.6765,0.02941
1,1780,1,50.6778,0.02942
1,1781,1,50.6791,0.02942
1,1782,1,50.6804,0.02942
1,1783,1,50.6817,0.02942
1,1784,1,50.683,0.02942
1,1785,1,50.6843,0.02942
1,1786,1,50.6856,0.02942
1,1787,1,50.6869,0.02942
1,1788,1,50.6882,0.02942
1,1789,1,50.6895,0.02942
1,1790,1,50.6908,0.02942
1,1791,1,50.6921,0.02943
1,1792,1,50.6934,0.02943
1,1793,1,50.6947,0.02943
1,1794,1,50.696,0.02943
1,1795,1,50.6973,0.02943
1,1796,1,50.6986,0.02943
1,1797,1,50.6999,0.02943
1,1798,1,50.7012,0.02943
1,1799,1,50.7025,0.02943
1,1800,1,50.7038,0.02943
1,1801,1,50.7051,0.02943
1,1802,1,50.7064,0.02943
1,1803,1,50.7077,0.02944
1,1804,1,50.709,0.02944
1,1805,1,50.7102,0.02944
1,1806,1,50.7115,0.02944
1,1807,1,50.7128,0.02944
1,1808,1,50.7141,0.02944
1,1809,1,50.7154,0.02944
1,1810,1,50.7167,0.02944
1,1811,1,50.718,0.02944
1,1812,1,50.7193,0.02944
1,1813,1,50.7205,0.02944
1,1814,1,50.7218,0.02944
1,1815,1,50.7231,0.02945
1,1816,1,50.7244,0.02945
1,1817,1,50.7257,0.02945
1,1818,1,50.7269,0.02945
1,1819,1,50.7282,0.02945
1,1820,1,50.7295,0.02945
1,1821,1,50.7308,0.02945
1,1822,1,50.7321,0.02945
1,1823,1,50.7333,0.02945
1,1824,1,50.7346,0.02945
1,1825,1,50.7359,0.02945
1,1826,1,50.7372,0.02945
1,1827,1,50.7384,0.02946
1,1828,1,50.7397,0.02946
1,1829,1,50.741,0.02946
1,1830,1,50.7423,0.02946
1,1831,1,50.7435,0.02946
1,1832,1,50.7448,0.02946
1,1833,1,50.7461,0.02946
1,1834,1,50.7474,0.02946
1,1835,1,50.7486,0.02946
1,1836,1,50.7499,0.02946
1,1837,1,50.7512,0.02946
1,1838,1,50.7524,0.02947
1,1839,1,50.7537,0.02947
1,1840,1,50.755,0.02947
1,1841,1,50.7562,0.02947
1,1842,1,50.7575,0.02947
1,1843,1,50.7588,0.02947
1,1844,1,50.76,0.02947
1,1845,1,50.7613,0.02947
1,1846,1,50.7626,0.02947
1,1847,1,50.7638,0.02947
1,1848,1,50.7651,0.02947
1,1849,1,50.7664,0.02947
1,1850,1,50.7676,0.02948
1,1851,1,50.7689,0.02948
1,1852,1,50.7701,0.02948
1,1853,1,50.7714,0.02948
1,1854,1,50.7727,0.02948
1,1855,1,50.7739,0.02948
1,1856,1,50.7752,0.02948
1,2191,1.657367,51.800000,0.025748
1,2556,1.170552,52.050000,0.025229
1,2922,0.830040,52.280000,0.025223
1,3287,1.293819,52.600000,0.025291
1,3652,1.801034,52.940000,0.025790
1,4017,2.232950,53.330000,0.026175
1,4383,2.510304,53.820000,0.026949
1,4748,2.878904,54.370000,0.027225
1,5113,3.069426,54.790000,0.027668
1,5478,3.303966,55.020000,0.027383
1,5844,3.778601,55.200000,0.026619
1,6209,4.138323,55.300000,0.026240
1,6574,4.398954,55.350000,0.026038
1,6939,4.487456,55.370000,0.025968
1,7305,4.531980,55.380000,0.025933
2,0,1,33.8787,0.03496
2,1,1,33.975,0.03479
2,2,1,34.0714,0.03461
2,3,1,34.1677,0.03444
2,4,1,34.264,0.03426
2,5,1,34.3603,0.03409
2,6,1,34.4566,0.03391
2,7,1,34.5529,0.03374
2,8,1,34.6493,0.03356
2,9,1,34.7456,0.03339
2,10,1,34.8419,0.03321
2,11,1,34.9382,0.03304
2,12,1,35.0345,0.03286
2,13,1,35.1309,0.03269
2,14,1,35.2272,0.03251
2,15,1,35.3211,0.03248
2,16,1,35.413,0.03245
2,17,1,35.5028,0.03242
2,18,1,35.5906,0.03239
2,19,1,35.6766,0.03236
2,20,1,35.7607,0.03233
2,21,1,35.843,0.03231
2,22,1,35.9237,0.03228
2,23,1,36.0028,0.03226
2,24,1,36.0803,0.03223
2,25,1,36.1563,0.03221
2,26,1,36.2309,0.03219
2,27,1,36.3042,0.03217
2,28,1,36.3761,0.03215
2,29,1,36.4468,0.03213
2,30,1,36.5163,0.03211
2,31,1,36.5846,0.03209
2,32,1,36.6519,0.03207
2,33,1,36.718,0.03206
2,34,1,36.7831,0.03204
2,35,1,36.8472,0.03202
2,36,1,36.9104,0.032
2,37,1,36.9726,0.03199
2,38,1,37.034,0.03197
2,39,1,37.0945,0.03196
2,40,1,37.1541,0.03194
2,41,1,37.213,0.03193
2,42,1,37.2711,0.03191
2,43,1,37.3284,0.0319
2,44,1,37.3851,0.03188
2,45,1,37.4411,0.03187
2,46,1,37.4964,0.03186
2,47,1,37.551,0.03184
2,48,1,37.605,0.03183
2,49,1,37.6584,0.03182
2,50,1,37.7112,0.0318
2,51,1,37.7635,0.03179
2,52,1,37.8152,0.03178
2,53,1,37.8663,0.03177
2,54,1,37.9169,0.03176
2,55,1,37.9671,0.03174
2,56,1,38.0167,0.03173
2,57,1,38.0658,0.03172
2,58,1,38.1145,0.03171
2,59,1,38.1628,0.0317
2,60,1,38.2106,0.03169
2,61,1,38.258,0.03168
2,62,1,38.305,0.03167
2,63,1,38.3516,0.03166
2,64,1,38.3978,0.03164
2,65,1,38.4437,0.03163
2,66,1,38.4891,0.03162
2,67,1,38.5342,0.03161
2,68,1,38.5789,0.0316
2,69,1,38.6233,0.03159
2,70,1,38.6673,0.03158
2,71,1,38.711,0.03158
2,72,1,38.7543,0.03157
2,73,1,38.7973,0.03156
2,74,1,38.84,0.03155
2,75,1,38.8823,0.03154
2,76,1,38.9244,0.03153
2,77,1,38.9661,0.03152
2,78,1,39.0075,0.03151
2,79,1,39.0487,0.0315
2,80,1,39.0895,0.03149
2,81,1,39.1301,0.03149
2,82,1,39.1704,0.03148
2,83,1,39.2104,0.03147
2,84,1,39.2501,0.03146
2,85,1,39.2896,0.03145
2,86,1,39.3288,0.03144
2,87,1,39.3677,0.03144
2,88,1,39.4064,0.03143
2,89,1,39.4448,0.03142
2,90,1,39.483,0.03141
2,91,1,39.521,0.0314
2,92,1,39.5587,0.0314
2,93,1,39.5962,0.03139
2,94,1,39.6335,0.03138
2,95,1,39.6705,0.03137
2,96,1,39.7073,0.03137
2,97,1,39.7438,0.03136
2,98,1,39.7802,0.03135
2,99,1,39.8163,0.03134
2,100,1,39.8522,0.03134
2,101,1,39.8879,0.03133
2,102,1,39.9233,0.03132
2,103,1,39.9586,0.03131
2,104,1,39.9936,0.03131
2,105,1,40.0284,0.0313
2,106,1,40.063,0.03129
2,107,1,40.0974,0.03129
2,108,1,40.1316,0.03128
2,109,1,40.1656,0.03127
2,110,1,40.1994,0.03127
2,111,1,40.233,0.03126
2,112,1,40.2664,0.03125
2,113,1,40.2995,0.03125
2,114,1,40.3325,0.03124
2,115,1,40.3653,0.03123
2,116,1,40.3979,0.03123
2,117,1,40.4303,0.03122
2,118,1,40.4625,0.03121
2,119,1,40.4946,0.03121
2,120,1,40.5264,0.0312
2,121,1,40.5581,0.0312
2,122,1,40.5895,0.03119
2,123,1,40.6208,0.03118
2,124,1,40.6519,0.03118
2,125,1,40.6829,0.03117
2,126,1,40.7136,0.03117
2,127,1,40.7442,0.03116
2,128,1,40.7746,0.03115
2,129,1,40.8048,0.03115
2,130,1,40.8348,0.03114
2,131,1,40.8647,0.03114
2,132,1,40.8944,0.03113
2,133,1,40.9239,0.03112
2,134,1,40.9533,0.03112
2,135,1,40.9824,0.03111
2,136,1,41.0115,0.03111
2,137,1,41.0403,0.0311
2,138,1,41.069,0.0311
2,139,1,41.0975,0.03109
2,140,1,41.1259,0.03108
2,141,1,41.1541,0.03108
2,142,1,41.1821,0.03107
2,143,1,41.21,0.03107
2,144,1,41.2378,0.03106
2,145,1,41.2653,0.03106
2,146,1,41.2927,0.03105
2,147,1,41.32,0.03105
2,148,1,41.3471,0.03104
2,149,1,41.3741,0.03104
2,150,1,41.4009,0.03103
2,151,1,41.4275,0.03103
2,152,1,41.454,0.03102
2,153,1,41.4804,0.03102
2,154,1,41.5066,0.03101
2,155,1,41.5327,0.03101
2,156,1,41.5586,0.031
2,157,1,41.5844,0.03099
2,158,1,41.61,0.03099
2,159,1,41.6355,0.03098
2,160,1,41.6609,0.03098
2,161,1,41.6861,0.03098
2,162,1,41.7112,0.03097
2,163,1,41.7362,0.03097
2,164,1,41.761,0.03096
2,165,1,41.7857,0.03096
2,166,1,41.8102,0.03095
2,167,1,41.8346,0.03095
2,168,1,41.8589,0.03094
2,169,1,41.8831,0.03094
2,170,1,41.9071,0.03093
2,171,1,41.931,0.03093
2,172,1,41.9548,0.03092
2,173,1,41.9784,0.03092
2,174,1,42.0019,0.03091
2,175,1,42.0253,0.03091
2,176,1,42.0485,0.0309
2,177,1,42.0717,0.0309
2,178,1,42.0947,0.03089
2,179,1,42.1176,0.03089
2,180,1,42.1403,0.03089
2,181,1,42.163,0.03088
2,182,1,42.1855,0.03088
2,183,1,42.2079,0.03087
2,184,1,42.2302,0.03087
2,185,1,42.2523,0.03086
2,186,1,42.2744,0.03086
2,187,1,42.2963,0.03085
2,188,1,42.3181,0.03085
2,189,1,42.3398,0.03085
2,190,1,42.3614,0.03084
2,191,1,42.3829,0.03084
2,192,1,42.4042,0.03083
2,193,1,42.4255,0.03083
2,194,1,42.4466,0.03082
2,195,1,42.4676,0.03082
2,196,1,42.4885,0.03082
2,197,1,42.5093,0.03081
2,198,1,42.53,0.03081
2,199,1,42.5506,0.0308
2,200,1,42.5711,0.0308
2,201,1,42.5915,0.03079
2,202,1,42.6117,0.03079
2,203,1,42.6319,0.03079
2,204,1,42.6519,0.03078
2,205,1,42.6719,0.03078
2,206,1,42.6917,0.03077
2,207,1,42.7115,0.03077
2,208,1,42.7311,0.03077
2,209,1,42.7507,0.03076
2,210,1,42.7701,0.03076
2,211,1,42.7894,0.03075
2,212,1,42.8087,0.03075
2,213,1,42.8278,0.03075
2,214,1,42.8469,0.03074
2,215,1,42.8658,0.03074
2,216,1,42.8846,0.03073
2,217,1,42.9034,0.03073
2,218,1,42.922,0.03073
2,219,1,42.9406,0.03072
2,220,1,42.9591,0.03072
2,221,1,42.9774,0.03072
2,222,1,42.9957,0.03071
2,223,1,43.0139,0.03071
2,224,1,43.032,0.0307
2,225,1,43.05,0.0307
2,226,1,43.0679,0.0307
2,227,1,43.0857,0.03069
2,228,1,43.1034,0.03069
2,229,1,43.1211,0.03069
2,230,1,43.1386,0.03068
2,231,1,43.1561,0.03068
2,232,1,43.1734,0.03067
2,233,1,43.1907,0.03067
2,234,1,43.2079,0.03067
2,235,1,43.225,0.03066
2,236,1,43.2421,0.03066
2,237,1,43.259,0.03066
2,238,1,43.2759,0.03065
2,239,1,43.2926,0.03065
2,240,1,43.3093,0.03065
2,241,1,43.3259,0.03064
2,242,1,43.3424,0.03064
2,243,1,43.3589,0.03063
2,244,1,43.3753,0.03063
2,245,1,43.3915,0.03063
2,246,1,43.4077,0.03062
2,247,1,43.4239,0.03062
2,248,1,43.4399,0.03062
2,249,1,43.4559,0.03061
2,250,1,43.4717,0.03061
2,251,1,43.4876,0.03061
2,252,1,43.5033,0.0306
2,253,1,43.5189,0.0306
2,254,1,43.5345,0.0306
2,255,1,43.55,0.03059
2,256,1,43.5654,0.03059
2,257,1,43.5808,0.03059
2,258,1,43.5961,0.03058
2,259,1,43.6113,0.03058
2,260,1,43.6264,0.03058
2,261,1,43.6415,0.03057
2,262,1,43.6564,0.03057
2,263,1,43.6714,0.03057
2,264,1,43.6862,0.03056
2,265,1,43.701,0.03056
2,266,1,43.7157,0.03056
2,267,1,43.7303,0.03055
2,268,1,43.7449,0.03055
2,269,1,43.7594,0.03055
2,270,1,43.7738,0.03054
2,271,1,43.7882,0.03054
2,272,1,43.8025,0.03054
2,273,1,43.8167,0.03053
2,274,1,43.8309,0.03053
2,275,1,43.845,0.03053
2,276,1,43.859,0.03052
2,277,1,43.873,0.03052
2,278,1,43.8869,0.03052
2,279,1,43.9007,0.03051
2,280,1,43.9145,0.03051
2,281,1,43.9282,0.03051
2,282,1,43.9419,0.0305
2,283,1,43.9555,0.0305
2,284,1,43.969,0.0305
2,285,1,43.9824,0.03049
2,286,1,43.9959,0.03049
2,287,1,44.0092,0.03049
2,288,1,44.0225,0.03049
2,289,1,44.0357,0.03048
2,290,1,44.0489,0.03048
2,291,1,44.062,0.03048
2,292,1,44.0751,0.03047
2,293,1,44.088,0.03047
2,294,1,44.101,0.03047
2,295,1,44.1139,0.03046
2,296,1,44.1267,0.03046
2,297,1,44.1395,0.03046
2,298,1,44.1522,0.03045
2,299,1,44.1648,0.03045
2,300,1,44.1774,0.03045
2,301,1,44.19,0.03045
2,302,1,44.2025,0.03044
2,303,1,44.2149,0.03044
2,304,1,44.2273,0.03044
2,305,1,44.2396,0.03043
2,306,1,44.2519,0.03043
2,307,1,44.2641,0.03043
2,308,1,44.2763,0.03043
2,309,1,44.2884,0.03042
2,310,1,44.3005,0.03042
2,311,1,44.3125,0.03042
2,312,1,44.3245,0.03041
2,313,1,44.3364,0.03041
2,314,1,44.3483,0.03041
2,315,1,44.3601,0.0304
2,316,1,44.3719,0.0304
2,317,1,44.3836,0.0304
2,318,1,44.3952,0.0304
2,319,1,44.4069,0.03039
2,320,1,44.4184,0.03039
2,321,1,44.43,0.03039
2,322,1,44.4414,0.03038
2,323,1,44.4529,0.03038
2,324,1,44.4643,0.03038
2,325,1,44.4756,0.03038
2,326,1,44.4869,0.03037
2,327,1,44.4981,0.03037
2,328,1,44.5093,0.03037
2,329,1,44.5205,0.03037
2,330,1,44.5316,0.03036
2,331,1,44.5427,0.03036
2,332,1,44.5537,0.03036
2,333,1,44.5646,0.03035
2,334,1,44.5756,0.03035
2,335,1,44.5865,0.03035
2,336,1,44.5973,0.03035
2,337,1,44.6081,0.03034
2,338,1,44.6189,0.03034
2,339,1,44.6296,0.03034
2,340,1,44.6402,0.03034
2,341,1,44.6509,0.03033
2,342,1,44.6615,0.03033
2,343,1,44.672,0.03033
2,344,1,44.6825,0.03032
2,345,1,44.693,0.03032
2,346,1,44.7034,0.03032
2,347,1,44.7138,0.03032
2,348,1,44.7241,0.03031
2,349,1,44.7344,0.03031
2,350,1,44.7447,0.03031
2,351,1,44.7549,0.03031
2,352,1,44.7651,0.0303
2,353,1,44.7752,0.0303
2,354,1,44.7853,0.0303
2,355,1,44.7954,0.0303
2,356,1,44.8054,0.03029
2,357,1,44.8154,0.03029
2,358,1,44.8254,0.03029
2,359,1,44.8353,0.03028
2,360,1,44.8452,0.03028
2,361,1,44.855,0.03028
2,362,1,44.8648,0.03028
2,363,1,44.8746,0.03027
2,364,1,44.8844,0.03027
2,365,1,44.894,0.03027
2,366,1,44.9037,0.03027
2,367,1,44.9133,0.03026
2,368,1,44.9229,0.03026
2,369,1,44.9325,0.03026
2,370,1,44.942,0.03026
2,371,1,44.9515,0.03025
2,372,1,44.9609,0.03025
2,373,1,44.9704,0.03025
2,374,1,44.9797,0.03025
2,375,1,44.9891,0.03024
2,376,1,44.9984,0.03024
2,377,1,45.0077,0.03024
2,378,1,45.0169,0.03024
2,379,1,45.0262,0.03023
2,380,1,45.0353,0.03023
2,381,1,45.0445,0.03023
2,382,1,45.0536,0.03023
2,383,1,45.0627,0.03022
2,384,1,45.0717,0.03022
2,385,1,45.0808,0.03022
2,386,1,45.0897,0.03022
2,387,1,45.0987,0.03021
2,388,1,45.1076,0.03021
2,389,1,45.1165,0.03021
2,390,1,45.1254,0.03021
2,391,1,45.1342,0.0302
2,392,1,45.143,0.0302
2,393,1,45.1518,0.0302
2,394,1,45.1605,0.0302
2,395,1,45.1692,0.03019
2,396,1,45.1779,0.03019
2,397,1,45.1866,0.03019
2,398,1,45.1952,0.03019
2,399,1,45.2038,0.03019
2,400,1,45.2124,0.03018
2,401,1,45.2209,0.03018
2,402,1,45.2294,0.03018
2,403,1,45.2379,0.03018
2,404,1,45.2463,0.03017
2,405,1,45.2548,0.03017
2,406,1,45.2632,0.03017
2,407,1,45.2715,0.03017
2,408,1,45.2799,0.03016
2,409,1,45.2882,0.03016
2,410,1,45.2965,0.03016
2,411,1,45.3047,0.03016
2,412,1,45.313,0.03015
2,413,1,45.3212,0.03015
2,414,1,45.3294,0.03015
2,415,1,45.3375,0.03015
2,416,1,45.3456,0.03015
2,417,1,45.3537,0.03014
2,418,1,45.3618,0.03014
2,419,1,45.3699,0.03014
2,420,1,45.3779,0.03014
2,421,1,45.3859,0.03013
2,422,1,45.3939,0.03013
2,423,1,45.4018,0.03013
2,424,1,45.4097,0.03013
2,425,1,45.4176,0.03013
2,426,1,45.4255,0.03012
2,427,1,45.4334,0.03012
2,428,1,45.4412,0.03012
2,429,1,45.449,0.03012
2,430,1,45.4568,0.03011
2,431,1,45.4645,0.03011
2,432,1,45.4722,0.03011
2,433,1,45.48,0.03011
2,434,1,45.4876,0.0301
2,435,1,45.4953,0.0301
2,436,1,45.5029,0.0301
2,437,1,45.5105,0.0301
2,438,1,45.5181,0.0301
2,439,1,45.5257,0.03009
2,440,1,45.5332,0.03009
2,441,1,45.5408,0.03009
2,442,1,45.5483,0.03009
2,443,1,45.5558,0.03008
2,444,1,45.5632,0.03008
2,445,1,45.5706,0.03008
2,446,1,45.5781,0.03008
2,447,1,45.5854,0.03008
2,448,1,45.5928,0.03007
2,449,1,45.6002,0.03007
2,450,1,45.6075,0.03007
2,451,1,45.6148,0.03007
2,452,1,45.6221,0.03007
2,453,1,45.6293,0.03006
2,454,1,45.6366,0.03006
2,455,1,45.6438,0.03006
2,456,1,45.651,0.03006
2,457,1,45.6582,0.03005
2,458,1,45.6654,0.03005
2,459,1,45.6725,0.03005
2,460,1,45.6796,0.03005
2,461,1,45.6867,0.03005
2,462,1,45.6938,0.03004
2,463,1,45.7009,0.03004
2,464,1,45.7079,0.03004
2,465,1,45.715,0.03004
2,466,1,45.722,0.03004
2,467,1,45.729,0.03003
2,468,1,45.7359,0.03003
2,469,1,45.7429,0.03003
2,470,1,45.7498,0.03003
2,471,1,45.7567,0.03003
2,472,1,45.7636,0.03002
2,473,1,45.7705,0.03002
2,474,1,45.7774,0.03002
2,475,1,45.7842,0.03002
2,476,1,45.791,0.03001
2,477,1,45.7978,0.03001
2,478,1,45.8046,0.03001
2,479,1,45.8114,0.03001
2,480,1,45.8182,0.03001
2,481,1,45.8249,0.03
2,482,1,45.8316,0.03
2,483,1,45.8383,0.03
2,484,1,45.845,0.03
2,485,1,45.8517,0.03
2,486,1,45.8583,0.02999
2,487,1,45.865,0.02999
2,488,1,45.8716,0.02999
2,489,1,45.8782,0.02999
2,490,1,45.8848,0.02999
2,491,1,45.8914,0.02998
2,492,1,45.8979,0.02998
2,493,1,45.9045,0.02998
2,494,1,45.911,0.02998
2,495,1,45.9175,0.02998
2,496,1,45.924,0.02997
2,497,1,45.9305,0.02997
2,498,1,45.937,0.02997
2,499,1,45.9434,0.02997
2,500,1,45.9499,0.02997
2,501,1,45.9563,0.02996
2,502,1,45.9627,0.02996
2,503,1,45.9691,0.02996
2,504,1,45.9755,0.02996
2,505,1,45.9818,0.02996
2,506,1,45.9882,0.02995
2,507,1,45.9945,0.02995
2,508,1,46.0008,0.02995
2,509,1,46.0071,0.02995
2,510,1,46.0134,0.02995
2,511,1,46.0197,0.02994
2,512,1,46.026,0.02994
2,513,1,46.0322,0.02994
2,514,1,46.0385,0.02994
2,515,1,46.0447,0.02994
2,516,1,46.0509,0.02993
2,517,1,46.0571,0.02993
2,518,1,46.0633,0.02993
2,519,1,46.0694,0.02993
2,520,1,46.0756,0.02993
2,521,1,46.0818,0.02992
2,522,1,46.0879,0.02992
2,523,1,46.094,0.02992
2,524,1,46.1001,0.02992
2,525,1,46.1062,0.02992
2,526,1,46.1123,0.02992
2,527,1,46.1184,0.02991
2,528,1,46.1244,0.02991
2,529,1,46.1305,0.02991
2,530,1,46.1365,0.02991
2,531,1,46.1425,0.02991
2,532,1,46.1485,0.0299
2,533,1,46.1545,0.0299
2,534,1,46.1605,0.0299
2,535,1,46.1665,0.0299
2,536,1,46.1725,0.0299
2,537,1,46.1784,0.02989
2,538,1,46.1843,0.02989
2,539,1,46.1903,0.02989
2,540,1,46.1962,0.02989
2,541,1,46.2021,0.02989
2,542,1,46.208,0.02989
2,543,1,46.2139,0.02988
2,544,1,46.2197,0.02988
2,545,1,46.2256,0.02988
2,546,1,46.2315,0.02988
2,547,1,46.2373,0.02988
2,548,1,46.2431,0.02987
2,549,1,46.249,0.02987
2,550,1,46.2548,0.02987
2,551,1,46.2606,0.02987
2,552,1,46.2663,0.02987
2,553,1,46.2721,0.02986
2,554,1,46.2779,0.02986
2,555,1,46.2837,0.02986
2,556,1,46.2894,0.02986
2,557,1,46.2951,0.02986
2,558,1,46.3009,0.02986
2,559,1,46.3066,0.02985
2,560,1,46.3123,0.02985
2,561,1,46.318,0.02985
2,562,1,46.3237,0.02985
2,563,1,46.3294,0.02985
2,564,1,46.335,0.02984
2,565,1,46.3407,0.02984
2,566,1,46.3463,0.02984
2,567,1,46.352,0.02984
2,568,1,46.3576,0.02984
2,569,1,46.3632,0.02984
2,570,1,46.3689,0.02983
2,571,1,46.3745,0.02983
2,572,1,46.3801,0.02983
2,573,1,46.3857,0.02983
2,574,1,46.3912,0.02983
2,575,1,46.3968,0.02983
2,576,1,46.4024,0.02982
2,577,1,46.4079,0.02982
2,578,1,46.4135,0.02982
2,579,1,46.419,0.02982
2,580,1,46.4245,0.02982
2,581,1,46.4301,0.02981
2,582,1,46.4356,0.02981
2,583,1,46.4411,0.02981
2,584,1,46.4466,0.02981
2,585,1,46.4521,0.02981
2,586,1,46.4575,0.02981
2,587,1,46.463,0.0298
2,588,1,46.4685,0.0298
2,589,1,46.4739,0.0298
2,590,1,46.4794,0.0298
2,591,1,46.4848,0.0298
2,592,1,46.4902,0.0298
2,593,1,46.4957,0.02979
2,594,1,46.5011,0.02979
2,595,1,46.5065,0.02979
2,596,1,46.5119,0.02979
2,597,1,46.5173,0.02979
2,598,1,46.5227,0.02978
2,599,1,46.528,0.02978
2,600,1,46.5334,0.02978
2,601,1,46.5388,0.02978
2,602,1,46.5441,0.02978
2,603,1,46.5495,0.02978
2,604,1,46.5548,0.02977
2,605,1,46.5601,0.02977
2,606,1,46.5655,0.02977
2,607,1,46.5708,0.02977
2,608,1,46.5761,0.02977
2,609,1,46.5814,0.02977
2,610,1,46.5867,0.02976
2,611,1,46.592,0.02976
2,612,1,46.5973,0.02976
2,613,1,46.6026,0.02976
2,614,1,46.6078,0.02976
2,615,1,46.6131,0.02976
2,616,1,46.6183,0.02975
2,617,1,46.6236,0.02975
2,618,1,46.6288,0.02975
2,619,1,46.6341,0.02975
2,620,1,46.6393,0.02975
2,621,1,46.6445,0.02975
2,622,1,46.6497,0.02974
2,623,1,46.655,0.02974
2,624,1,46.6602,0.02974
2,625,1,46.6654,0.02974
2,626,1,46.6706,0.02974
2,627,1,46.6757,0.02974
2,628,1,46.6809,0.02973
2,629,1,46.6861,0.02973
2,630,1,46.6913,0.02973
2,631,1,46.6964,0.02973
2,632,1,46.7016,0.02973
2,633,1,46.7067,0.02973
2,634,1,46.7119,0.02972
2,635,1,46.717,0.02972
2,636,1,46.7221,0.02972
2,637,1,46.7273,0.02972
2,638,1,46.7324,0.02972
2,639,1,46.7375,0.02972
2,640,1,46.7426,0.02971
2,641,1,46.7477,0.02971
2,642,1,46.7528,0.02971
2,643,1,46.7579,0.02971
2,644,1,46.763,0.02971
2,645,1,46.768,0.02971
2,646,1,46.7731,0.0297
2,647,1,46.7782,0.0297
2,648,1,46.7832,0.0297
2,649,1,46.7883,0.0297
2,650,1,46.7933,0.0297
2,651,1,46.7984,0.0297
2,652,1,46.8034,0.0297
2,653,1,46.8084,0.02969
2,654,1,46.8135,0.02969
2,655,1,46.8185,0.02969
2,656,1,46.8235,0.02969
2,657,1,46.8285,0.02969
2,658,1,46.8335,0.02969
2,659,1,46.8385,0.02968
2,660,1,46.8435,0.02968
2,661,1,46.8485,0.02968
2,662,1,46.8535,0.02968
2,663,1,46.8584,0.02968
2,664,1,46.8634,0.02968
2,665,1,46.8684,0.02967
2,666,1,46.8733,0.02967
2,667,1,46.8783,0.02967
2,668,1,46.8832,0.02967
2,669,1,46.8882,0.02967
2,670,1,46.8931,0.02967
2,671,1,46.8981,0.02966
2,672,1,46.903,0.02966
2,673,1,46.9079,0.02966
2,674,1,46.9128,0.02966
2,675,1,46.9177,0.02966
2,676,1,46.9227,0.02966
2,677,1,46.9276,0.02966
2,678,1,46.9325,0.02965
2,679,1,46.9373,0.02965
2,680,1,46.9422,0.02965
2,681,1,46.9471,0.02965
2,682,1,46.952,0.02965
2,683,1,46.9569,0.02965
2,684,1,46.9617,0.02964
2,685,1,46.9666,0.02964
2,686,1,46.9714,0.02964
2,687,1,46.9763,0.02964
2,688,1,46.9811,0.02964
2,689,1,46.986,0.02964
2,690,1,46.9908,0.02964
2,691,1,46.9956,0.02963
2,692,1,47.0004,0.02963
2,693,1,47.0053,0.02963
2,694,1,47.0101,0.02963
2,695,1,47.0149,0.02963
2,696,1,47.0197,0.02963
2,697,1,47.0245,0.02962
2,698,1,47.0293,0.02962
2,699,1,47.0341,0.02962
2,700,1,47.0388,0.02962
2,701,1,47.0436,0.02962
2,702,1,47.0484,0.02962
2,703,1,47.0532,0.02962
2,704,1,47.0579,0.02961
2,705,1,47.0627,0.02961
2,706,1,47.0674,0.02961
2,707,1,47.0722,0.02961
2,708,1,47.0769,0.02961
2,709,1,47.0816,0.02961
2,710,1,47.0864,0.02961
2,711,1,47.0911,0.0296
2,712,1,47.0958,0.0296
2,713,1,47.1005,0.0296
2,714,1,47.1052,0.0296
2,715,1,47.1099,0.0296
2,716,1,47.1146,0.0296
2,717,1,47.1193,0.02959
2,718,1,47.124,0.02959
2,719,1,47.1287,0.02959
2,720,1,47.1334,0.02959
2,721,1,47.138,0.02959
2,722,1,47.1427,0.02959
2,723,1,47.1474,0.02959
2,724,1,47.152,0.02958
2,725,1,47.1567,0.02958
2,726,1,47.1613,0.02958
2,727,1,47.166,0.02958
2,728,1,47.1706,0.02958
2,729,1,47.1752,0.02958
2,730,1,47.1799,0.02958
2,731,1,47.1845,0.02957
2,732,1,47.1891,0.02957
2,733,1,47.1937,0.02957
2,734,1,47.1983,0.02957
2,735,1,47.2029,0.02957
2,736,1,47.2075,0.02957
2,737,1,47.2121,0.02957
2,738,1,47.2167,0.02956
2,739,1,47.2213,0.02956
2,740,1,47.2258,0.02956
2,741,1,47.2304,0.02956
2,742,1,47.235,0.02956
2,743,1,47.2395,0.02956
2,744,1,47.2441,0.02955
2,745,1,47.2486,0.02955
2,746,1,47.2532,0.02955
2,747,1,47.2577,0.02955
2,748,1,47.2622,0.02955
2,749,1,47.2668,0.02955
2,750,1,47.2713,0.02955
2,751,1,47.2758,0.02954
2,752,1,47.2803,0.02954
2,753,1,47.2848,0.02954
2,754,1,47.2893,0.02954
2,755,1,47.2938,0.02954
2,756,1,47.2983,0.02954
2,757,1,47.3028,0.02954
2,758,1,47.3073,0.02953
2,759,1,47.3117,0.02953
2,760,1,47.3162,0.02953
2,761,1,47.3207,0.02953
2,762,1,47.3251,0.02953
2,763,1,47.3296,0.02953
2,764,1,47.334,0.02953
2,765,1,47.3385,0.02952
2,766,1,47.3429,0.02952
2,767,1,47.3473,0.02952
2,768,1,47.3517,0.02952
2,769,1,47.3562,0.02952
2,770,1,47.3606,0.02952
2,771,1,47.365,0.02952
2,772,1,47.3694,0.02952
2,773,1,47.3738,0.02951
2,774,1,47.3782,0.02951
2,775,1,47.3826,0.02951
2,776,1,47.387,0.02951
2,777,1,47.3913,0.02951
2,778,1,47.3957,0.02951
2,779,1,47.4001,0.02951
2,780,1,47.4044,0.0295
2,781,1,47.4088,0.0295
2,782,1,47.4131,0.0295
2,783,1,47.4175,0.0295
2,784,1,47.4218,0.0295
2,785,1,47.4261,0.0295
2,786,1,47.4305,0.0295
2,787,1,47.4348,0.02949
2,788,1,47.4391,0.02949
2,789,1,47.4434,0.02949
2,790,1,47.4477,0.02949
2,791,1,47.452,0.02949
2,792,1,47.4563,0.02949
2,793,1,47.4606,0.02949
2,794,1,47.4649,0.02948
2,795,1,47.4692,0.02948
2,796,1,47.4734,0.02948
2,797,1,47.4777,0.02948
2,798,1,47.482,0.02948
2,799,1,47.4862,0.02948
2,800,1,47.4905,0.02948
2,801,1,47.4947,0.02947
2,802,1,47.4989,0.02947
2,803,1,47.5032,0.02947
2,804,1,47.5074,0.02947
2,805,1,47.5116,0.02947
2,806,1,47.5158,0.02947
2,807,1,47.52,0.02947
2,808,1,47.5242,0.02947
2,809,1,47.5284,0.02946
2,810,1,47.5326,0.02946
2,811,1,47.5368,0.02946
2,812,1,47.541,0.02946
2,813,1,47.5452,0.02946
2,814,1,47.5493,0.02946
2,815,1,47.5535,0.02946
2,816,1,47.5577,0.02945
2,817,1,47.5618,0.02945
2,818,1,47.566,0.02945
2,819,1,47.5701,0.02945
2,820,1,47.5742,0.02945
2,821,1,47.5784,0.02945
2,822,1,47.5825,0.02945
2,823,1,47.5866,0.02945
2,824,1,47.5907,0.02944
2,825,1,47.5948,0.02944
2,826,1,47.5989,0.02944
2,827,1,47.603,0.02944
2,828,1,47.6071,0.02944
2,829,1,47.6112,0.02944
2,830,1,47.6153,0.02944
2,831,1,47.6193,0.02943
2,832,1,47.6234,0.02943
2,833,1,47.6275,0.02943
2,834,1,47.6315,0.02943
2,835,1,47.6356,0.02943
2,836,1,47.6396,0.02943
2,837,1,47.6436,0.02943
2,838,1,47.6477,0.02943
2,839,1,47.6517,0.02942
2,840,1,47.6557,0.02942
2,841,1,47.6597,0.02942
2,842,1,47.6637,0.02942
2,843,1,47.6677,0.02942
2,844,1,47.6717,0.02942
2,845,1,47.6757,0.02942
2,846,1,47.6797,0.02941
2,847,1,47.6837,0.02941
2,848,1,47.6877,0.02941
2,849,1,47.6916,0.02941
2,850,1,47.6956,0.02941
2,851,1,47.6995,0.02941
2,852,1,47.7035,0.02941
2,853,1,47.7074,0.02941
2,854,1,47.7114,0.0294
2,855,1,47.7153,0.0294
2,856,1,47.7192,0.0294
2,857,1,47.7232,0.0294
2,858,1,47.7271,0.0294
2,859,1,47.731,0.0294
2,860,1,47.7349,0.0294
2,861,1,47.7388,0.0294
2,862,1,47.7427,0.02939
2,863,1,47.7466,0.02939
2,864,1,47.7504,0.02939
2,865,1,47.7543,0.02939
2,866,1,47.7582,0.02939
2,867,1,47.762,0.02939
2,868,1,47.7659,0.02939
2,869,1,47.7698,0.02939
2,870,1,47.7736,0.02938
2,871,1,47.7774,0.02938
2,872,1,47.7813,0.02938
2,873,1,47.7851,0.02938
2,874,1,47.7889,0.02938
2,875,1,47.7927,0.02938
2,876,1,47.7966,0.02938
2,877,1,47.8004,0.02938
2,878,1,47.8042,0.02937
2,879,1,47.808,0.02937
2,880,1,47.8117,0.02937
2,881,1,47.8155,0.02937
2,882,1,47.8193,0.02937
2,883,1,47.8231,0.02937
2,884,1,47.8268,0.02937
2,885,1,47.8306,0.02937
2,886,1,47.8344,0.02936
2,887,1,47.8381,0.02936
2,888,1,47.8418,0.02936
2,889,1,47.8456,0.02936
2,890,1,47.8493,0.02936
2,891,1,47.853,0.02936
2,892,1,47.8568,0.02936
2,893,1,47.8605,0.02935
2,894,1,47.8642,0.02935
2,895,1,47.8679,0.02935
2,896,1,47.8716,0.02935
2,897,1,47.8753,0.02935
2,898,1,47.879,0.02935
2,899,1,47.8826,0.02935
2,900,1,47.8863,0.02935
2,901,1,47.89,0.02935
2,902,1,47.8936,0.02934
2,903,1,47.8973,0.02934
2,904,1,47.9009,0.02934
2,905,1,47.9046,0.02934
2,906,1,47.9082,0.02934
2,907,1,47.9119,0.02934
2,908,1,47.9155,0.02934
2,909,1,47.9191,0.02934
2,910,1,47.9227,0.02933
2,911,1,47.9264,0.02933
2,912,1,47.93,0.02933
2,913,1,47.9336,0.02933
2,914,1,47.9372,0.02933
2,915,1,47.9407,0.02933
2,916,1,47.9443,0.02933
2,917,1,47.9479,0.02933
2,918,1,47.9515,0.02932
2,919,1,47.9551,0.02932
2,920,1,47.9586,0.02932
2,921,1,47.9622,0.02932
2,922,1,47.9657,0.02932
2,923,1,47.9693,0.02932
2,924,1,47.9728,0.02932
2,925,1,47.9764,0.02932
2,926,1,47.9799,0.02931
2,927,1,47.9834,0.02931
2,928,1,47.9869,0.02931
2,929,1,47.9904,0.02931
2,930,1,47.9939,0.02931
2,931,1,47.9975,0.02931
2,932,1,48.0009,0.02931
2,933,1,48.0044,0.02931
2,934,1,48.0079,0.0293
2,935,1,48.0114,0.0293
2,936,1,48.0149,0.0293
2,937,1,48.0184,0.0293
2,938,1,48.0218,0.0293
2,939,1,48.0253,0.0293
2,940,1,48.0287,0.0293
2,941,1,48.0322,0.0293
2,942,1,48.0356,0.0293
2,943,1,48.0391,0.02929
2,944,1,48.0425,0.02929
2,945,1,48.0459,0.02929
2,946,1,48.0494,0.02929
2,947,1,48.0528,0.02929
2,948,1,48.0562,0.02929
2,949,1,48.0596,0.02929
2,950,1,48.063,0.02929
2,951,1,48.0664,0.02928
2,952,1,48.0698,0.02928
2,953,1,48.0732,0.02928
2,954,1,48.0766,0.02928
2,955,1,48.08,0.02928
2,956,1,48.0833,0.02928
2,957,1,48.0867,0.02928
2,958,1,48.0901,0.02928
2,959,1,48.0934,0.02927
2,960,1,48.0968,0.02927
2,961,1,48.1001,0.02927
2,962,1,48.1035,0.02927
2,963,1,48.1068,0.02927
2,964,1,48.1101,0.02927
2,965,1,48.1135,0.02927
2,966,1,48.1168,0.02927
2,967,1,48.1201,0.02927
2,968,1,48.1234,0.02926
2,969,1,48.1267,0.02926
2,970,1,48.13,0.02926
2,971,1,48.1333,0.02926
2,972,1,48.1366,0.02926
2,973,1,48.1399,0.02926
2,974,1,48.1432,0.02926
2,975,1,48.1465,0.02926
2,976,1,48.1497,0.02925
2,977,1,48.153,0.02925
2,978,1,48.1563,0.02925
2,979,1,48.1595,0.02925
2,980,1,48.1628,0.02925
2,981,1,48.166,0.02925
2,982,1,48.1693,0.02925
2,983,1,48.1725,0.02925
2,984,1,48.1757,0.02925
2,985,1,48.179,0.02924
2,986,1,48.1822,0.02924
2,987,1,48.1854,0.02924
2,988,1,48.1886,0.02924
2,989,1,48.1919,0.02924
2,990,1,48.1951,0.02924
2,991,1,48.1983,0.02924
2,992,1,48.2015,0.02924
2,993,1,48.2047,0.02924
2,994,1,48.2078,0.02923
2,995,1,48.211,0.02923
2,996,1,48.2142,0.02923
2,997,1,48.2174,0.02923
2,998,1,48.2205,0.02923
2,999,1,48.2237,0.02923
2,1000,1,48.2269,0.02923
2,1001,1,48.23,0.02923
2,1002,1,48.2332,0.02923
2,1003,1,48.2363,0.02922
2,1004,1,48.2395,0.02922
2,1005,1,48.2426,0.02922
2,1006,1,48.2457,0.02922
2,1007,1,48.2489,0.02922
2,1008,1,48.252,0.02922
2,1009,1,48.2551,0.02922
2,1010,1,48.2582,0.02922
2,1011,1,48.2613,0.02921
2,1012,1,48.2644,0.02921
2,1013,1,48.2676,0.02921
2,1014,1,48.2706,0.02921
2,1015,1,48.2737,0.02921
2,1016,1,48.2768,0.02921
2,1017,1,48.2799,0.02921
2,1018,1,48.283,0.02921
2,1019,1,48.2861,0.02921
2,1020,1,48.2891,0.0292
2,1021,1,48.2922,0.0292
2,1022,1,48.2953,0.0292
2,1023,1,48.2983,0.0292
2,1024,1,48.3014,0.0292
2,1025,1,48.3044,0.0292
2,1026,1,48.3075,0.0292
2,1027,1,48.3105,0.0292
2,1028,1,48.3136,0.0292
2,1029,1,48.3166,0.02919
2,1030,1,48.3196,0.02919
2,1031,1,48.3226,0.02919
2,1032,1,48.3257,0.02919
2,1033,1,48.3287,0.02919
2,1034,1,48.3317,0.02919
2,1035,1,48.3347,0.02919
2,1036,1,48.3377,0.02919
2,1037,1,48.3407,0.02919
2,1038,1,48.3437,0.02918
2,1039,1,48.3467,0.02918
2,1040,1,48.3497,0.02918
2,1041,1,48.3527,0.02918
2,1042,1,48.3556,0.02918
2,1043,1,48.3586,0.02918
2,1044,1,48.3616,0.02918
2,1045,1,48.3645,0.02918
2,1046,1,48.3675,0.02918
2,1047,1,48.3705,0.02917
2,1048,1,48.3734,0.02917
2,1049,1,48.3764,0.02917
2,1050,1,48.3793,0.02917
2,1051,1,48.3823,0.02917
2,1052,1,48.3852,0.02917
2,1053,1,48.3881,0.02917
2,1054,1,48.3911,0.02917
2,1055,1,48.394,0.02917
2,1056,1,48.3969,0.02916
2,1057,1,48.3998,0.02916
2,1058,1,48.4027,0.02916
2,1059,1,48.4056,0.02916
2,1060,1,48.4085,0.02916
2,1061,1,48.4114,0.02916
2,1062,1,48.4143,0.02916
2,1063,1,48.4172,0.02916
2,1064,1,48.4201,0.02916
2,1065,1,48.423,0.02916
2,1066,1,48.4259,0.02915
2,1067,1,48.4288,0.02915
2,1068,1,48.4317,0.02915
2,1069,1,48.4345,0.02915
2,1070,1,48.4374,0.02915
2,1071,1,48.4403,0.02915
2,1072,1,48.4431,0.02915
2,1073,1,48.446,0.02915
2,1074,1,48.4488,0.02915
2,1075,1,48.4517,0.02914
2,1076,1,48.4545,0.02914
2,1077,1,48.4574,0.02914
2,1078,1,48.4602,0.02914
2,1079,1,48.463,0.02914
2,1080,1,48.4659,0.02914
2,1081,1,48.4687,0.02914
2,1082,1,48.4715,0.02914
2,1083,1,48.4743,0.02914
2,1084,1,48.4771,0.02913
2,1085,1,48.4799,0.02913
2,1086,1,48.4828,0.02913
2,1087,1,48.4856,0.02913
2,1088,1,48.4884,0.02913
2,1089,1,48.4912,0.02913
2,1090,1,48.4939,0.02913
2,1091,1,48.4967,0.02913
2,1092,1,48.4995,0.02913
2,1093,1,48.5023,0.02912
2,1094,1,48.5051,0.02912
2,1095,1,48.5079,0.02912
2,1096,1,48.5106,0.02912
2,1097,1,48.5134,0.02912
2,1098,1,48.5162,0.02912
2,1099,1,48.5189,0.02912
2,1100,1,48.5217,0.02912
2,1101,1,48.5244,0.02912
2,1102,1,48.5272,0.02912
2,1103,1,48.5299,0.02911
2,1104,1,48.5327,0.02911
2,1105,1,48.5354,0.02911
2,1106,1,48.5381,0.02911
2,1107,1,48.5409,0.02911
2,1108,1,48.5436,0.02911
2,1109,1,48.5463,0.02911
2,1110,1,48.5491,0.02911
2,1111,1,48.5518,0.02911
2,1112,1,48.5545,0.0291
2,1113,1,48.5572,0.0291
2,1114,1,48.5599,0.0291
2,1115,1,48.5626,0.0291
2,1116,1,48.5653,0.0291
2,1117,1,48.568,0.0291
2,1118,1,48.5707,0.0291
2,1119,1,48.5734,0.0291
2,1120,1,48.5761,0.0291
2,1121,1,48.5788,0.0291
2,1122,1,48.5814,0.02909
2,1123,1,48.5841,0.02909
2,1124,1,48.5868,0.02909
2,1125,1,48.5895,0.02909
2,1126,1,48.5921,0.02909
2,1127,1,48.5948,0.02909
2,1128,1,48.5974,0.02909
2,1129,1,48.6001,0.02909
2,1130,1,48.6028,0.02909
2,1131,1,48.6054,0.02909
2,1132,1,48.6081,0.02908
2,1133,1,48.6107,0.02908
2,1134,1,48.6133,0.02908
2,1135,1,48.616,0.02908
2,1136,1,48.6186,0.02908
2,1137,1,48.6212,0.02908
2,1138,1,48.6239,0.02908
2,1139,1,48.6265,0.02908
2,1140,1,48.6291,0.02908
2,1141,1,48.6317,0.02907
2,1142,1,48.6343,0.02907
2,1143,1,48.637,0.02907
2,1144,1,48.6396,0.02907
2,1145,1,48.6422,0.02907
2,1146,1,48.6448,0.02907
2,1147,1,48.6474,0.02907
2,1148,1,48.65,0.02907
2,1149,1,48.6525,0.02907
2,1150,1,48.6551,0.02907
2,1151,1,48.6577,0.02906
2,1152,1,48.6603,0.02906
2,1153,1,48.6629,0.02906
2,1154,1,48.6655,0.02906
2,1155,1,48.668,0.02906
2,1156,1,48.6706,0.02906
2,1157,1,48.6732,0.02906
2,1158,1,48.6757,0.02906
2,1159,1,48.6783,0.02906
2,1160,1,48.6808,0.02906
2,1161,1,48.6834,0.02905
2,1162,1,48.686,0.02905
2,1163,1,48.6885,0.02905
2,1164,1,48.691,0.02905
2,1165,1,48.6936,0.02905
2,1166,1,48.6961,0.02905
2,1167,1,48.6987,0.02905
2,1168,1,48.7012,0.02905
2,1169,1,48.7037,0.02905
2,1170,1,48.7062,0.02905
2,1171,1,48.7088,0.02904
2,1172,1,48.7113,0.02904
2,1173,1,48.7138,0.02904
2,1174,1,48.7163,0.02904
2,1175,1,48.7188,0.02904
2,1176,1,48.7213,0.02904
2,1177,1,48.7238,0.02904
2,1178,1,48.7263,0.02904
2,1179,1,48.7288,0.02904
2,1180,1,48.7313,0.02904
2,1181,1,48.7338,0.02903
2,1182,1,48.7363,0.02903
2,1183,1,48.7388,0.02903
2,1184,1,48.7413,0.02903
2,1185,1,48.7438,0.02903
2,1186,1,48.7463,0.02903
2,1187,1,48.7487,0.02903
2,1188,1,48.7512,0.02903
2,1189,1,48.7537,0.02903
2,1190,1,48.7561,0.02903
2,1191,1,48.7586,0.02902
2,1192,1,48.7611,0.02902
2,1193,1,48.7635,0.02902
2,1194,1,48.766,0.02902
2,1195,1,48.7684,0.02902
2,1196,1,48.7709,0.02902
2,1197,1,48.7733,0.02902
2,1198,1,48.7758,0.02902
2,1199,1,48.7782,0.02902
2,1200,1,48.7806,0.02902
2,1201,1,48.7831,0.02901
2,1202,1,48.7855,0.02901
2,1203,1,48.7879,0.02901
2,1204,1,48.7903,0.02901
2,1205,1,48.7928,0.02901
2,1206,1,48.7952,0.02901
2,1207,1,48.7976,0.02901
2,1208,1,48.8,0.02901
2,1209,1,48.8024,0.02901
2,1210,1,48.8048,0.02901
2,1211,1,48.8072,0.029
2,1212,1,48.8096,0.029
2,1213,1,48.812,0.029
2,1214,1,48.8144,0.029
2,1215,1,48.8168,0.029
2,1216,1,48.8192,0.029
2,1217,1,48.8216,0.029
2,1218,1,48.824,0.029
2,1219,1,48.8264,0.029
2,1220,1,48.8288,0.029
2,1221,1,48.8311,0.02899
2,1222,1,48.8335,0.02899
2,1223,1,48.8359,0.02899
2,1224,1,48.8382,0.02899
2,1225,1,48.8406,0.02899
2,1226,1,48.843,0.02899
2,1227,1,48.8453,0.02899
2,1228,1,48.8477,0.02899
2,1229,1,48.85,0.02899
2,1230,1,48.8524,0.02899
2,1231,1,48.8547,0.02899
2,1232,1,48.8571,0.02898
2,1233,1,48.8594,0.02898
2,1234,1,48.8618,0.02898
2,1235,1,48.8641,0.02898
2,1236,1,48.8664,0.02898
2,1237,1,48.8688,0.02898
2,1238,1,48.8711,0.02898
2,1239,1,48.8734,0.02898
2,1240,1,48.8757,0.02898
2,1241,1,48.8781,0.02898
2,1242,1,48.8804,0.02897
2,1243,1,48.8827,0.02897
2,1244,1,48.885,0.02897
2,1245,1,48.8873,0.02897
2,1246,1,48.8896,0.02897
2,1247,1,48.8919,0.02897
2,1248,1,48.8942,0.02897
2,1249,1,48.8965,0.02897
2,1250,1,48.8988,0.02897
2,1251,1,48.9011,0.02897
2,1252,1,48.9034,0.02897
2,1253,1,48.9057,0.02896
2,1254,1,48.908,0.02896
2,1255,1,48.9103,0.02896
2,1256,1,48.9126,0.02896
2,1257,1,48.9148,0.02896
2,1258,1,48.9171,0.02896
2,1259,1,48.9194,0.02896
2,1260,1,48.9217,0.02896
2,1261,1,48.9239,0.02896
2,1262,1,48.9262,0.02896
2,1263,1,48.9284,0.02895
2,1264,1,48.9307,0.02895
2,1265,1,48.933,0.02895
2,1266,1,48.9352,0.02895
2,1267,1,48.9375,0.02895
2,1268,1,48.9397,0.02895
2,1269,1,48.942,0.02895
2,1270,1,48.9442,0.02895
2,1271,1,48.9465,0.02895
2,1272,1,48.9487,0.02895
2,1273,1,48.9509,0.02895
2,1274,1,48.9532,0.02894
2,1275,1,48.9554,0.02894
2,1276,1,48.9576,0.02894
2,1277,1,48.9598,0.02894
2,1278,1,48.9621,0.02894
2,1279,1,48.9643,0.02894
2,1280,1,48.9665,0.02894
2,1281,1,48.9687,0.02894
2,1282,1,48.9709,0.02894
2,1283,1,48.9732,0.02894
2,1284,1,48.9754,0.02893
2,1285,1,48.9776,0.02893
2,1286,1,48.9798,0.02893
2,1287,1,48.982,0.02893
2,1288,1,48.9842,0.02893
2,1289,1,48.9864,0.02893
2,1290,1,48.9886,0.02893
2,1291,1,48.9908,0.02893
2,1292,1,48.9929,0.02893
2,1293,1,48.9951,0.02893
2,1294,1,48.9973,0.02893
2,1295,1,48.9995,0.02892
2,1296,1,49.0017,0.02892
2,1297,1,49.0039,0.02892
2,1298,1,49.006,0.02892
2,1299,1,49.0082,0.02892
2,1300,1,49.0104,0.02892
2,1301,1,49.0125,0.02892
2,1302,1,49.0147,0.02892
2,1303,1,49.0169,0.02892
2,1304,1,49.019,0.02892
2,1305,1,49.0212,0.02892
2,1306,1,49.0233,0.02891
2,1307,1,49.0255,0.02891
2,1308,1,49.0276,0.02891
2,1309,1,49.0298,0.02891
2,1310,1,49.0319,0.02891
2,1311,1,49.0341,0.02891
2,1312,1,49.0362,0.02891
2,1313,1,49.0384,0.02891
2,1314,1,49.0405,0.02891
2,1315,1,49.0426,0.02891
2,1316,1,49.0448,0.02891
2,1317,1,49.0469,0.0289
2,1318,1,49.049,0.0289
2,1319,1,49.0511,0.0289
2,1320,1,49.0533,0.0289
2,1321,1,49.0554,0.0289
2,1322,1,49.0575,0.0289
2,1323,1,49.0596,0.0289
2,1324,1,49.0617,0.0289
2,1325,1,49.0638,0.0289
2,1326,1,49.066,0.0289
2,1327,1,49.0681,0.0289
2,1328,1,49.0702,0.02889
2,1329,1,49.0723,0.02889
2,1330,1,49.0744,0.02889
2,1331,1,49.0765,0.02889
2,1332,1,49.0786,0.02889
2,1333,1,49.0807,0.02889
2,1334,1,49.0828,0.02889
2,1335,1,49.0848,0.02889
2,1336,1,49.0869,0.02889
2,1337,1,49.089,0.02889
2,1338,1,49.0911,0.02889
2,1339,1,49.0932,0.02888
2,1340,1,49.0953,0.02888
2,1341,1,49.0973,0.02888
2,1342,1,49.0994,0.02888
2,1343,1,49.1015,0.02888
2,1344,1,49.1035,0.02888
2,1345,1,49.1056,0.02888
2,1346,1,49.1077,0.02888
2,1347,1,49.1097,0.02888
2,1348,1,49.1118,0.02888
2,1349,1,49.1139,0.02888
2,1350,1,49.1159,0.02887
2,1351,1,49.118,0.02887
2,1352,1,49.12,0.02887
2,1353,1,49.1221,0.02887
2,1354,1,49.1241,0.02887
2,1355,1,49.1262,0.02887
2,1356,1,49.1282,0.02887
2,1357,1,49.1303,0.02887
2,1358,1,49.1323,0.02887
2,1359,1,49.1343,0.02887
2,1360,1,49.1364,0.02887
2,1361,1,49.1384,0.02886
2,1362,1,49.1404,0.02886
2,1363,1,49.1425,0.02886
2,1364,1,49.1445,0.02886
2,1365,1,49.1465,0.02886
2,1366,1,49.1485,0.02886
2,1367,1,49.1506,0.02886
2,1368,1,49.1526,0.02886
2,1369,1,49.1546,0.02886
2,1370,1,49.1566,0.02886
2,1371,1,49.1586,0.02886
2,1372,1,49.1607,0.02885
2,1373,1,49.1627,0.02885
2,1374,1,49.1647,0.02885
2,1375,1,49.1667,0.02885
2,1376,1,49.1687,0.02885
2,1377,1,49.1707,0.02885
2,1378,1,49.1727,0.02885
2,1379,1,49.1747,0.02885
2,1380,1,49.1767,0.02885
2,1381,1,49.1787,0.02885
2,1382,1,49.1807,0.02885
2,1383,1,49.1826,0.02885
2,1384,1,49.1846,0.02884
2,1385,1,49.1866,0.02884
2,1386,1,49.1886,0.02884
2,1387,1,49.1906,0.02884
2,1388,1,49.1926,0.02884
2,1389,1,49.1945,0.02884
2,1390,1,49.1965,0.02884
2,1391,1,49.1985,0.02884
2,1392,1,49.2005,0.02884
2,1393,1,49.2024,0.02884
2,1394,1,49.2044,0.02884
2,1395,1,49.2064,0.02883
2,1396,1,49.2083,0.02883
2,1397,1,49.2103,0.02883
2,1398,1,49.2123,0.02883
2,1399,1,49.2142,0.02883
2,1400,1,49.2162,0.02883
2,1401,1,49.2181,0.02883
2,1402,1,49.2201,0.02883
2,1403,1,49.222,0.02883
2,1404,1,49.224,0.02883
2,1405,1,49.2259,0.02883
2,1406,1,49.2279,0.02883
2,1407,1,49.2298,0.02882
2,1408,1,49.2318,0.02882
2,1409,1,49.2337,0.02882
2,1410,1,49.2356,0.02882
2,1411,1,49.2376,0.02882
2,1412,1,49.2395,0.02882
2,1413,1,49.2414,0.02882
2,1414,1,49.2434,0.02882
2,1415,1,49.2453,0.02882
2,1416,1,49.2472,0.02882
2,1417,1,49.2492,0.02882
2,1418,1,49.2511,0.02881
2,1419,1,49.253,0.02881
2,1420,1,49.2549,0.02881
2,1421,1,49.2568,0.02881
2,1422,1,49.2588,0.02881
2,1423,1,49.2607,0.02881
2,1424,1,49.2626,0.02881
2,1425,1,49.2645,0.02881
2,1426,1,49.2664,0.02881
2,1427,1,49.2683,0.02881
2,1428,1,49.2702,0.02881
2,1429,1,49.2721,0.02881
2,1430,1,49.274,0.0288
2,1431,1,49.2759,0.0288
2,1432,1,49.2778,0.0288
2,1433,1,49.2797,0.0288
2,1434,1,49.2816,0.0288
2,1435,1,49.2835,0.0288
2,1436,1,49.2854,0.0288
2,1437,1,49.2873,0.0288
2,1438,1,49.2892,0.0288
2,1439,1,49.2911,0.0288
2,1440,1,49.2929,0.0288
2,1441,1,49.2948,0.0288
2,1442,1,49.2967,0.02879
2,1443,1,49.2986,0.02879
2,1444,1,49.3005,0.02879
2,1445,1,49.3023,0.02879
2,1446,1,49.3042,0.02879
2,1447,1,49.3061,0.02879
2,1448,1,49.308,0.02879
2,1449,1,49.3098,0.02879
2,1450,1,49.3117,0.02879
2,1451,1,49.3136,0.02879
2,1452,1,49.3154,0.02879
2,1453,1,49.3173,0.02878
2,1454,1,49.3191,0.02878
2,1455,1,49.321,0.02878
2,1456,1,49.3229,0.02878
2,1457,1,49.3247,0.02878
2,1458,1,49.3266,0.02878
2,1459,1,49.3284,0.02878
2,1460,1,49.3303,0.02878
2,1461,1,49.3321,0.02878
2,1462,1,49.334,0.02878
2,1463,1,49.3358,0.02878
2,1464,1,49.3377,0.02878
2,1465,1,49.3395,0.02877
2,1466,1,49.3414,0.02877
2,1467,1,49.3432,0.02877
2,1468,1,49.345,0.02877
2,1469,1,49.3469,0.02877
2,1470,1,49.3487,0.02877
2,1471,1,49.3505,0.02877
2,1472,1,49.3524,0.02877
2,1473,1,49.3542,0.02877
2,1474,1,49.356,0.02877
2,1475,1,49.3579,0.02877
2,1476,1,49.3597,0.02877
2,1477,1,49.3615,0.02876
2,1478,1,49.3633,0.02876
2,1479,1,49.3652,0.02876
2,1480,1,49.367,0.02876
2,1481,1,49.3688,0.02876
2,1482,1,49.3706,0.02876
2,1483,1,49.3724,0.02876
2,1484,1,49.3742,0.02876
2,1485,1,49.3761,0.02876
2,1486,1,49.3779,0.02876
2,1487,1,49.3797,0.02876
2,1488,1,49.3815,0.02876
2,1489,1,49.3833,0.02875
2,1490,1,49.3851,0.02875
2,1491,1,49.3869,0.02875
2,1492,1,49.3887,0.02875
2,1493,1,49.3905,0.02875
2,1494,1,49.3923,0.02875
2,1495,1,49.3941,0.02875
2,1496,1,49.3959,0.02875
2,1497,1,49.3977,0.02875
2,1498,1,49.3995,0.02875
2,1499,1,49.4013,0.02875
2,1500,1,49.4031,0.02875
2,1501,1,49.4048,0.02874
2,1502,1,49.4066,0.02874
2,1503,1,49.4084,0.02874
2,1504,1,49.4102,0.02874
2,1505,1,49.412,0.02874
2,1506,1,49.4138,0.02874
2,1507,1,49.4155,0.02874
2,1508,1,49.4173,0.02874
2,1509,1,49.4191,0.02874
2,1510,1,49.4209,0.02874
2,1511,1,49.4227,0.02874
2,1512,1,49.4244,0.02874
2,1513,1,49.4262,0.02873
2,1514,1,49.428,0.02873
2,1515,1,49.4297,0.02873
2,1516,1,49.4315,0.02873
2,1517,1,49.4333,0.02873
2,1518,1,49.435,0.02873
2,1519,1,49.4368,0.02873
2,1520,1,49.4386,0.02873
2,1521,1,49.4403,0.02873
2,1522,1,49.4421,0.02873
2,1523,1,49.4438,0.02873
2,1524,1,49.4456,0.02873
2,1525,1,49.4473,0.02873
2,1526,1,49.4491,0.02872
2,1527,1,49.4508,0.02872
2,1528,1,49.4526,0.02872
2,1529,1,49.4543,0.02872
2,1530,1,49.4561,0.02872
2,1531,1,49.4578,0.02872
2,1532,1,49.4596,0.02872
2,1533,1,49.4613,0.02872
2,1534,1,49.4631,0.02872
2,1535,1,49.4648,0.02872
2,1536,1,49.4666,0.02872
2,1537,1,49.4683,0.02872
2,1538,1,49.47,0.02871
2,1539,1,49.4718,0.02871
2,1540,1,49.4735,0.02871
2,1541,1,49.4752,0.02871
2,1542,1,49.477,0.02871
2,1543,1,49.4787,0.02871
2,1544,1,49.4804,0.02871
2,1545,1,49.4821,0.02871
2,1546,1,49.4839,0.02871
2,1547,1,49.4856,0.02871
2,1548,1,49.4873,0.02871
2,1549,1,49.489,0.02871
2,1550,1,49.4908,0.0287
2,1551,1,49.4925,0.0287
2,1552,1,49.4942,0.0287
2,1553,1,49.4959,0.0287
2,1554,1,49.4976,0.0287
2,1555,1,49.4993,0.0287
2,1556,1,49.5011,0.0287
2,1557,1,49.5028,0.0287
2,1558,1,49.5045,0.0287
2,1559,1,49.5062,0.0287
2,1560,1,49.5079,0.0287
2,1561,1,49.5096,0.0287
2,1562,1,49.5113,0.0287
2,1563,1,49.513,0.02869
2,1564,1,49.5147,0.02869
2,1565,1,49.5164,0.02869
2,1566,1,49.5181,0.02869
2,1567,1,49.5198,0.02869
2,1568,1,49.5215,0.02869
2,1569,1,49.5232,0.02869
2,1570,1,49.5249,0.02869
2,1571,1,49.5266,0.02869
2,1572,1,49.5283,0.02869
2,1573,1,49.53,0.02869
2,1574,1,49.5317,0.02869
2,1575,1,49.5334,0.02868
2,1576,1,49.5351,0.02868
2,1577,1,49.5367,0.02868
2,1578,1,49.5384,0.02868
2,1579,1,49.5401,0.02868
2,1580,1,49.5418,0.02868
2,1581,1,49.5435,0.02868
2,1582,1,49.5452,0.02868
2,1583,1,49.5468,0.02868
2,1584,1,49.5485,0.02868
2,1585,1,49.5502,0.02868
2,1586,1,49.5519,0.02868
2,1587,1,49.5535,0.02868
2,1588,1,49.5552,0.02867
2,1589,1,49.5569,0.02867
2,1590,1,49.5585,0.02867
2,1591,1,49.5602,0.02867
2,1592,1,49.5619,0.02867
2,1593,1,49.5636,0.02867
2,1594,1,49.5652,0.02867
2,1595,1,49.5669,0.02867
2,1596,1,49.5685,0.02867
2,1597,1,49.5702,0.02867
2,1598,1,49.5719,0.02867
2,1599,1,49.5735,0.02867
2,1600,1,49.5752,0.02867
2,1601,1,49.5768,0.02866
2,1602,1,49.5785,0.02866
2,1603,1,49.5802,0.02866
2,1604,1,49.5818,0.02866
2,1605,1,49.5835,0.02866
2,1606,1,49.5851,0.02866
2,1607,1,49.5868,0.02866
2,1608,1,49.5884,0.02866
2,1609,1,49.5901,0.02866
2,1610,1,49.5917,0.02866
2,1611,1,49.5933,0.02866
2,1612,1,49.595,0.02866
2,1613,1,49.5966,0.02866
2,1614,1,49.5983,0.02865
2,1615,1,49.5999,0.02865
2,1616,1,49.6015,0.02865
2,1617,1,49.6032,0.02865
2,1618,1,49.6048,0.02865
2,1619,1,49.6065,0.02865
2,1620,1,49.6081,0.02865
2,1621,1,49.6097,0.02865
2,1622,1,49.6114,0.02865
2,1623,1,49.613,0.02865
2,1624,1,49.6146,0.02865
2,1625,1,49.6162,0.02865
2,1626,1,49.6179,0.02865
2,1627,1,49.6195,0.02864
2,1628,1,49.6211,0.02864
2,1629,1,49.6227,0.02864
2,1630,1,49.6244,0.02864
2,1631,1,49.626,0.02864
2,1632,1,49.6276,0.02864
2,1633,1,49.6292,0.02864
2,1634,1,49.6308,0.02864
2,1635,1,49.6325,0.02864
2,1636,1,49.6341,0.02864
2,1637,1,49.6357,0.02864
2,1638,1,49.6373,0.02864
2,1639,1,49.6389,0.02864
2,1640,1,49.6405,0.02863
2,1641,1,49.6421,0.02863
2,1642,1,49.6437,0.02863
2,1643,1,49.6454,0.02863
2,1644,1,49.647,0.02863
2,1645,1,49.6486,0.02863
2,1646,1,49.6502,0.02863
2,1647,1,49.6518,0.02863
2,1648,1,49.6534,0.02863
2,1649,1,49.655,0.02863
2,1650,1,49.6566,0.02863
2,1651,1,49.6582,0.02863
2,1652,1,49.6598,0.02863
2,1653,1,49.6614,0.02862
2,1654,1,49.663,0.02862
2,1655,1,49.6646,0.02862
2,1656,1,49.6661,0.02862
2,1657,1,49.6677,0.02862
2,1658,1,49.6693,0.02862
2,1659,1,49.6709,0.02862
2,1660,1,49.6725,0.02862
2,1661,1,49.6741,0.02862
2,1662,1,49.6757,0.02862
2,1663,1,49.6773,0.02862
2,1664,1,49.6788,0.02862
2,1665,1,49.6804,0.02862
2,1666,1,49.682,0.02861
2,1667,1,49.6836,0.02861
2,1668,1,49.6852,0.02861
2,1669,1,49.6867,0.02861
2,1670,1,49.6883,0.02861
2,1671,1,49.6899,0.02861
2,1672,1,49.6915,0.02861
2,1673,1,49.6931,0.02861
2,1674,1,49.6946,0.02861
2,1675,1,49.6962,0.02861
2,1676,1,49.6978,0.02861
2,1677,1,49.6993,0.02861
2,1678,1,49.7009,0.02861
2,1679,1,49.7025,0.0286
2,1680,1,49.704,0.0286
2,1681,1,49.7056,0.0286
2,1682,1,49.7072,0.0286
2,1683,1,49.7087,0.0286
2,1684,1,49.7103,0.0286
2,1685,1,49.7119,0.0286
2,1686,1,49.7134,0.0286
2,1687,1,49.715,0.0286
2,1688,1,49.7165,0.0286
2,1689,1,49.7181,0.0286
2,1690,1,49.7196,0.0286
2,1691,1,49.7212,0.0286
2,1692,1,49.7228,0.02859
2,1693,1,49.7243,0.02859
2,1694,1,49.7259,0.02859
2,1695,1,49.7274,0.02859
2,1696,1,49.729,0.02859
2,1697,1,49.7305,0.02859
2,1698,1,49.7321,0.02859
2,1699,1,49.7336,0.02859
2,1700,1,49.7352,0.02859
2,1701,1,49.7367,0.02859
2,1702,1,49.7382,0.02859
2,1703,1,49.7398,0.02859
2,1704,1,49.7413,0.02859
2,1705,1,49.7429,0.02859
2,1706,1,49.7444,0.02858
2,1707,1,49.7459,0.02858
2,1708,1,49.7475,0.02858
2,1709,1,49.749,0.02858
2,1710,1,49.7506,0.02858
2,1711,1,49.7521,0.02858
2,1712,1,49.7536,0.02858
2,1713,1,49.7552,0.02858
2,1714,1,49.7567,0.02858
2,1715,1,49.7582,0.02858
2,1716,1,49.7597,0.02858
2,1717,1,49.7613,0.02858
2,1718,1,49.7628,0.02858
2,1719,1,49.7643,0.02857
2,1720,1,49.7659,0.02857
2,1721,1,49.7674,0.02857
2,1722,1,49.7689,0.02857
2,1723,1,49.7704,0.02857
2,1724,1,49.7719,0.02857
2,1725,1,49.7735,0.02857
2,1726,1,49.775,0.02857
2,1727,1,49.7765,0.02857
2,1728,1,49.778,0.02857
2,1729,1,49.7795,0.02857
2,1730,1,49.7811,0.02857
2,1731,1,49.7826,0.02857
2,1732,1,49.7841,0.02857
2,1733,1,49.7856,0.02856
2,1734,1,49.7871,0.02856
2,1735,1,49.7886,0.02856
2,1736,1,49.7901,0.02856
2,1737,1,49.7916,0.02856
2,1738,1,49.7932,0.02856
2,1739,1,49.7947,0.02856
2,1740,1,49.7962,0.02856
2,1741,1,49.7977,0.02856
2,1742,1,49.7992,0.02856
2,1743,1,49.8007,0.02856
2,1744,1,49.8022,0.02856
2,1745,1,49.8037,0.02856
2,1746,1,49.8052,0.02855
2,1747,1,49.8067,0.02855
2,1748,1,49.8082,0.02855
2,1749,1,49.8097,0.02855
2,1750,1,49.8112,0.02855
2,1751,1,49.8127,0.02855
2,1752,1,49.8142,0.02855
2,1753,1,49.8157,0.02855
2,1754,1,49.8172,0.02855
2,1755,1,49.8187,0.02855
2,1756,1,49.8201,0.02855
2,1757,1,49.8216,0.02855
2,1758,1,49.8231,0.02855
2,1759,1,49.8246,0.02855
2,1760,1,49.8261,0.02854
2,1761,1,49.8276,0.02854
2,1762,1,49.8291,0.02854
2,1763,1,49.8306,0.02854
2,1764,1,49.8321,0.02854
2,1765,1,49.8335,0.02854
2,1766,1,49.835,0.02854
2,1767,1,49.8365,0.02854
2,1768,1,49.838,0.02854
2,1769,1,49.8395,0.02854
2,1770,1,49.8409,0.02854
2,1771,1,49.8424,0.02854
2,1772,1,49.8439,0.02854
2,1773,1,49.8454,0.02854
2,1774,1,49.8469,0.02853
2,1775,1,49.8483,0.02853
2,1776,1,49.8498,0.02853
2,1777,1,49.8513,0.02853
2,1778,1,49.8528,0.02853
2,1779,1,49.8542,0.02853
2,1780,1,49.8557,0.02853
2,1781,1,49.8572,0.02853
2,1782,1,49.8586,0.02853
2,1783,1,49.8601,0.02853
2,1784,1,49.8616,0.02853
2,1785,1,49.863,0.02853
2,1786,1,49.8645,0.02853
2,1787,1,49.866,0.02853
2,1788,1,49.8674,0.02852
2,1789,1,49.8689,0.02852
2,1790,1,49.8704,0.02852
2,1791,1,49.8718,0.02852
2,1792,1,49.8733,0.02852
2,1793,1,49.8748,0.02852
2,1794,1,49.8762,0.02852
2,1795,1,49.8777,0.02852
2,1796,1,49.8791,0.02852
2,1797,1,49.8806,0.02852
2,1798,1,49.882,0.02852
2,1799,1,49.8835,0.02852
2,1800,1,49.885,0.02852
2,1801,1,49.8864,0.02852
2,1802,1,49.8879,0.02851
2,1803,1,49.8893,0.02851
2,1804,1,49.8908,0.02851
2,1805,1,49.8922,0.02851
2,1806,1,49.8937,0.02851
2,1807,1,49.8951,0.02851
2,1808,1,49.8966,0.02851
2,1809,1,49.898,0.02851
2,1810,1,49.8995,0.02851
2,1811,1,49.9009,0.02851
2,1812,1,49.9024,0.02851
2,1813,1,49.9038,0.02851
2,1814,1,49.9052,0.02851
2,1815,1,49.9067,0.02851
2,1816,1,49.9081,0.0285
2,1817,1,49.9096,0.0285
2,1818,1,49.911,0.0285
2,1819,1,49.9125,0.0285
2,1820,1,49.9139,0.0285
2,1821,1,49.9153,0.0285
2,1822,1,49.9168,0.0285
2,1823,1,49.9182,0.0285
2,1824,1,49.9196,0.0285
2,1825,1,49.9211,0.0285
2,1826,1,49.9225,0.0285
2,1827,1,49.924,0.0285
2,1828,1,49.9254,0.0285
2,1829,1,49.9268,0.0285
2,1830,1,49.9282,0.02849
2,1831,1,49.9297,0.02849
2,1832,1,49.9311,0.02849
2,1833,1,49.9325,0.02849
2,1834,1,49.934,0.02849
2,1835,1,49.9354,0.02849
2,1836,1,49.9368,0.02849
2,1837,1,49.9383,0.02849
2,1838,1,49.9397,0.02849
2,1839,1,49.9411,0.02849
2,1840,1,49.9425,0.02849
2,1841,1,49.944,0.02849
2,1842,1,49.9454,0.02849
2,1843,1,49.9468,0.02849
2,1844,1,49.9482,0.02848
2,1845,1,49.9496,0.02848
2,1846,1,49.9511,0.02848
2,1847,1,49.9525,0.02848
2,1848,1,49.9539,0.02848
2,1849,1,49.9553,0.02848
2,1850,1,49.9567,0.02848
2,1851,1,49.9582,0.02848
2,1852,1,49.9596,0.02848
2,1853,1,49.961,0.02848
2,1854,1,49.9624,0.02848
2,1855,1,49.9638,0.02848
2,1856,1,49.9652,0.02848
2,2191,3.288086,51.300000,0.023941
2,2556,3.365942,51.580000,0.023958
2,2922,2.787747,51.750000,0.024026
2,3287,0.821329,51.900000,0.024690
2,3652,0.115973,52.180000,0.024755
2,4017,-1.163870,52.560000,0.024644
2,4383,-0.675726,53.100000,0.023899
2,4748,1.000000,53.660000,0.022690
2,5113,1.000000,53.980000,0.021571
2,5478,0.878904,54.180000,0.020756
2,5844,0.751643,54.250000,0.020484
2,6209,0.621824,54.280000,0.020326
2,6574,0.746586,54.300000,0.020269
2,6939,0.872663,54.310000,0.020217
