1,0,1,49.8842,0.03795
1,1,1,50.0601,0.03785
1,2,1,50.2359,0.03775
1,3,1,50.4118,0.03764
1,4,1,50.5876,0.03754
1,5,1,50.7635,0.03744
1,6,1,50.9393,0.03734
1,7,1,51.1152,0.03723
1,8,1,51.291,0.03713
1,9,1,51.4669,0.03703
1,10,1,51.6427,0.03693
1,11,1,51.8186,0.03682
1,12,1,51.9944,0.03672
1,13,1,52.1702,0.03662
1,14,1,52.3461,0.03652
1,15,1,52.4978,0.03645
1,16,1,52.6488,0.03639
1,17,1,52.799,0.03633
1,18,1,52.9483,0.03627
1,19,1,53.0967,0.03621
1,20,1,53.2441,0.03615
1,21,1,53.3905,0.03609
1,22,1,53.536,0.03603
1,23,1,53.6805,0.03597
1,24,1,53.8239,0.03592
1,25,1,53.9664,0.03586
1,26,1,54.1079,0.03581
1,27,1,54.2485,0.03575
1,28,1,54.3881,0.0357
1,29,1,54.5268,0.03565
1,30,1,54.6645,0.03559
1,31,1,54.8012,0.03554
1,32,1,54.9368,0.03549
1,33,1,55.0714,0.03544
1,34,1,55.2049,0.03539
1,35,1,55.3374,0.03534
1,36,1,55.4688,0.03529
1,37,1,55.5992,0.03524
1,38,1,55.7285,0.0352
1,39,1,55.8568,0.03515
1,40,1,55.9841,0.0351
1,41,1,56.1104,0.03506
1,42,1,56.2357,0.03501
1,43,1,56.3599,0.03496
1,44,1,56.4833,0.03492
1,45,1,56.6056,0.03488
1,46,1,56.7269,0.03483
1,47,1,56.8472,0.03479
1,48,1,56.9666,0.03475
1,49,1,57.0851,0.0347
1,50,1,57.2026,0.03466
1,51,1,57.3192,0.03462
1,52,1,57.4349,0.03458
1,53,1,57.5497,0.03454
1,54,1,57.6637,0.0345
1,55,1,57.7767,0.03446
1,56,1,57.8889,0.03442
1,57,1,58.0003,0.03438
1,58,1,58.1109,0.03434
1,59,1,58.2207,0.03431
1,60,1,58.3299,0.03427
1,61,1,58.4384,0.03423
1,62,1,58.5463,0.0342
1,63,1,58.6536,0.03416
1,64,1,58.7603,0.03412
1,65,1,58.8664,0.03409
1,66,1,58.9718,0.03405
1,67,1,59.0766,0.03402
1,68,1,59.1808,0.03398
1,69,1,59.2843,0.03395
1,70,1,59.3872,0.03392
1,71,1,59.4894,0.03388
1,72,1,59.591,0.03385
1,73,1,59.692,0.03382
1,74,1,59.7923,0.03379
1,75,1,59.892,0.03375
1,76,1,59.991,0.03372
1,77,1,60.0894,0.03369
1,78,1,60.1872,0.03366
1,79,1,60.2843,0.03363
1,80,1,60.3808,0.0336
1,81,1,60.4767,0.03357
1,82,1,60.5719,0.03354
1,83,1,60.6665,0.03351
1,84,1,60.7605,0.03348
1,85,1,60.8539,0.03345
1,86,1,60.9466,0.03342
1,87,1,61.0388,0.0334
1,88,1,61.1303,0.03337
1,89,1,61.2212,0.03334
1,90,1,61.3115,0.03331
1,91,1,61.4013,0.03329
1,92,1,61.4904,0.03326
1,93,1,61.579,0.03323
1,94,1,61.667,0.03321
1,95,1,61.7543,0.03318
1,96,1,61.8411,0.03316
1,97,1,61.9274,0.03313
1,98,1,62.013,0.03311
1,99,1,62.0981,0.03308
1,100,1,62.1826,0.03306
1,101,1,62.2665,0.03303
1,102,1,62.3499,0.03301
1,103,1,62.4327,0.03298
1,104,1,62.5149,0.03296
1,105,1,62.5966,0.03294
1,106,1,62.6778,0.03291
1,107,1,62.7584,0.03289
1,108,1,62.8384,0.03287
1,109,1,62.918,0.03284
1,110,1,62.9969,0.03282
1,111,1,63.0754,0.0328
1,112,1,63.1533,0.03278
1,113,1,63.2307,0.03276
1,114,1,63.3076,0.03273
1,115,1,63.3839,0.03271
1,116,1,63.4598,0.03269
1,117,1,63.5351,0.03267
1,118,1,63.6099,0.03265
1,119,1,63.6842,0.03263
1,120,1,63.758,0.03261
1,121,1,63.8313,0.03259
1,122,1,63.9041,0.03257
1,123,1,63.9765,0.03255
1,124,1,64.0483,0.03253
1,125,1,64.1197,0.03251
1,126,1,64.1906,0.03249
1,127,1,64.261,0.03247
1,128,1,64.331,0.03245
1,129,1,64.4006,0.03243
1,130,1,64.4697,0.03241
1,131,1,64.5383,0.03239
1,132,1,64.6066,0.03238
1,133,1,64.6744,0.03236
1,134,1,64.7418,0.03234
1,135,1,64.8088,0.03232
1,136,1,64.8755,0.0323
1,137,1,64.9417,0.03229
1,138,1,65.0075,0.03227
1,139,1,65.073,0.03225
1,140,1,65.138,0.03223
1,141,1,65.2027,0.03222
1,142,1,65.2671,0.0322
1,143,1,65.331,0.03218
1,144,1,65.3946,0.03217
1,145,1,65.4579,0.03215
1,146,1,65.5208,0.03214
1,147,1,65.5834,0.03212
1,148,1,65.6456,0.0321
1,149,1,65.7075,0.03209
1,150,1,65.769,0.03207
1,151,1,65.8303,0.03206
1,152,1,65.8912,0.03204
1,153,1,65.9518,0.03203
1,154,1,66.0121,0.03201
1,155,1,66.0721,0.032
1,156,1,66.1317,0.03198
1,157,1,66.1911,0.03197
1,158,1,66.2502,0.03196
1,159,1,66.3089,0.03194
1,160,1,66.3674,0.03193
1,161,1,66.4256,0.03191
1,162,1,66.4835,0.0319
1,163,1,66.5412,0.03189
1,164,1,66.5985,0.03187
1,165,1,66.6556,0.03186
1,166,1,66.7125,0.03185
1,167,1,66.7691,0.03183
1,168,1,66.8254,0.03182
1,169,1,66.8815,0.03181
1,170,1,66.9373,0.0318
1,171,1,66.993,0.03179
1,172,1,67.0483,0.03177
1,173,1,67.1035,0.03176
1,174,1,67.1584,0.03175
1,175,1,67.2132,0.03174
1,176,1,67.2677,0.03173
1,177,1,67.3219,0.03171
1,178,1,67.376,0.0317
1,179,1,67.4299,0.03169
1,180,1,67.4836,0.03168
1,181,1,67.5371,0.03167
1,182,1,67.5904,0.03166
1,183,1,67.6435,0.03165
1,184,1,67.6964,0.03164
1,185,1,67.7491,0.03163
1,186,1,67.8017,0.03162
1,187,1,67.8541,0.03161
1,188,1,67.9062,0.0316
1,189,1,67.9583,0.03159
1,190,1,68.0101,0.03158
1,191,1,68.0618,0.03157
1,192,1,68.1133,0.03156
1,193,1,68.1647,0.03155
1,194,1,68.2158,0.03154
1,195,1,68.2669,0.03153
1,196,1,68.3177,0.03152
1,197,1,68.3685,0.03152
1,198,1,68.419,0.03151
1,199,1,68.4695,0.0315
1,200,1,68.5198,0.03149
1,201,1,68.5699,0.03148
1,202,1,68.6199,0.03147
1,203,1,68.6698,0.03147
1,204,1,68.7195,0.03146
1,205,1,68.7691,0.03145
1,206,1,68.8186,0.03144
1,207,1,68.8679,0.03144
1,208,1,68.9171,0.03143
1,209,1,68.9662,0.03142
1,210,1,69.0152,0.03141
1,211,1,69.0641,0.03141
1,212,1,69.1128,0.0314
1,213,1,69.1615,0.03139
1,214,1,69.21,0.03139
1,215,1,69.2584,0.03138
1,216,1,69.3067,0.03137
1,217,1,69.3549,0.03137
1,218,1,69.4031,0.03136
1,219,1,69.4511,0.03136
1,220,1,69.499,0.03135
1,221,1,69.5468,0.03134
1,222,1,69.5945,0.03134
1,223,1,69.6421,0.03133
1,224,1,69.6896,0.03133
1,225,1,69.737,0.03132
1,226,1,69.7844,0.03132
1,227,1,69.8316,0.03131
1,228,1,69.8787,0.03131
1,229,1,69.9258,0.0313
1,230,1,69.9728,0.0313
1,231,1,70.0197,0.03129
1,232,1,70.0665,0.03129
1,233,1,70.1132,0.03128
1,234,1,70.1599,0.03128
1,235,1,70.2064,0.03127
1,236,1,70.2529,0.03127
1,237,1,70.2994,0.03126
1,238,1,70.3457,0.03126
1,239,1,70.392,0.03126
1,240,1,70.4382,0.03125
1,241,1,70.4843,0.03125
1,242,1,70.5304,0.03125
1,243,1,70.5764,0.03124
1,244,1,70.6224,0.03124
1,245,1,70.6683,0.03123
1,246,1,70.7141,0.03123
1,247,1,70.7598,0.03123
1,248,1,70.8055,0.03122
1,249,1,70.8511,0.03122
1,250,1,70.8967,0.03122
1,251,1,70.9422,0.03122
1,252,1,70.9876,0.03121
1,253,1,71.033,0.03121
1,254,1,71.0783,0.03121
1,255,1,71.1235,0.03121
1,256,1,71.1687,0.0312
1,257,1,71.2138,0.0312
1,258,1,71.2589,0.0312
1,259,1,71.3039,0.0312
1,260,1,71.3488,0.03119
1,261,1,71.3937,0.03119
1,262,1,71.4385,0.03119
1,263,1,71.4832,0.03119
1,264,1,71.5279,0.03119
1,265,1,71.5725,0.03118
1,266,1,71.6171,0.03118
1,267,1,71.6616,0.03118
1,268,1,71.706,0.03118
1,269,1,71.7504,0.03118
1,270,1,71.7947,0.03118
1,271,1,71.839,0.03118
1,272,1,71.8832,0.03118
1,273,1,71.9273,0.03117
1,274,1,71.9714,0.03117
1,275,1,72.0154,0.03117
1,276,1,72.0594,0.03117
1,277,1,72.1033,0.03117
1,278,1,72.1472,0.03117
1,279,1,72.1909,0.03117
1,280,1,72.2347,0.03117
1,281,1,72.2783,0.03117
1,282,1,72.3219,0.03117
1,283,1,72.3655,0.03117
1,284,1,72.4089,0.03117
1,285,1,72.4523,0.03117
1,286,1,72.4957,0.03117
1,287,1,72.539,0.03117
1,288,1,72.5822,0.03117
1,289,1,72.6253,0.03117
1,290,1,72.6684,0.03117
1,291,1,72.7115,0.03117
1,292,1,72.7544,0.03117
1,293,1,72.7974,0.03117
1,294,1,72.8402,0.03117
1,295,1,72.883,0.03117
1,296,1,72.9257,0.03117
1,297,1,72.9684,0.03117
1,298,1,73.011,0.03117
1,299,1,73.0535,0.03118
1,300,1,73.096,0.03118
1,301,1,73.1384,0.03118
1,302,1,73.1808,0.03118
1,303,1,73.2231,0.03118
1,304,1,73.2653,0.03118
1,305,1,73.3075,0.03118
1,306,1,73.3497,0.03118
1,307,1,73.3917,0.03119
1,308,1,73.4337,0.03119
1,309,1,73.4757,0.03119
1,310,1,73.5176,0.03119
1,311,1,73.5594,0.03119
1,312,1,73.6012,0.03119
1,313,1,73.6429,0.0312
1,314,1,73.6845,0.0312
1,315,1,73.7261,0.0312
1,316,1,73.7677,0.0312
1,317,1,73.8091,0.0312
1,318,1,73.8506,0.03121
1,319,1,73.8919,0.03121
1,320,1,73.9333,0.03121
1,321,1,73.9745,0.03121
1,322,1,74.0157,0.03122
1,323,1,74.0569,0.03122
1,324,1,74.0979,0.03122
1,325,1,74.139,0.03122
1,326,1,74.18,0.03123
1,327,1,74.2209,0.03123
1,328,1,74.2618,0.03123
1,329,1,74.3026,0.03124
1,330,1,74.3433,0.03124
1,331,1,74.3841,0.03124
1,332,1,74.4247,0.03124
1,333,1,74.4653,0.03125
1,334,1,74.5059,0.03125
1,335,1,74.5464,0.03125
1,336,1,74.5868,0.03126
1,337,1,74.6272,0.03126
1,338,1,74.6676,0.03126
1,339,1,74.7079,0.03127
1,340,1,74.7481,0.03127
1,341,1,74.7883,0.03127
1,342,1,74.8285,0.03128
1,343,1,74.8686,0.03128
1,344,1,74.9086,0.03128
1,345,1,74.9486,0.03129
1,346,1,74.9886,0.03129
1,347,1,75.0285,0.0313
1,348,1,75.0683,0.0313
1,349,1,75.1081,0.0313
1,350,1,75.1479,0.03131
1,351,1,75.1876,0.03131
1,352,1,75.2273,0.03132
1,353,1,75.2669,0.03132
1,354,1,75.3065,0.03132
1,355,1,75.346,0.03133
1,356,1,75.3855,0.03133
1,357,1,75.425,0.03134
1,358,1,75.4644,0.03134
1,359,1,75.5037,0.03135
1,360,1,75.5431,0.03135
1,361,1,75.5824,0.03136
1,362,1,75.6216,0.03136
1,363,1,75.6608,0.03136
1,364,1,75.6999,0.03137
1,365,1,75.7391,0.03137
1,366,1,75.7781,0.03138
1,367,1,75.8172,0.03138
1,368,1,75.8562,0.03139
1,369,1,75.8951,0.03139
1,370,1,75.934,0.0314
1,371,1,75.9729,0.0314
1,372,1,76.0117,0.03141
1,373,1,76.0505,0.03141
1,374,1,76.0892,0.03142
1,375,1,76.1279,0.03142
1,376,1,76.1665,0.03143
1,377,1,76.2051,0.03143
1,378,1,76.2437,0.03144
1,379,1,76.2822,0.03144
1,380,1,76.3207,0.03145
1,381,1,76.3591,0.03146
1,382,1,76.3975,0.03146
1,383,1,76.4358,0.03147
1,384,1,76.4741,0.03147
1,385,1,76.5124,0.03148
1,386,1,76.5506,0.03148
1,387,1,76.5888,0.03149
1,388,1,76.6269,0.03149
1,389,1,76.665,0.0315
1,390,1,76.703,0.03151
1,391,1,76.741,0.03151
1,392,1,76.779,0.03152
1,393,1,76.8169,0.03152
1,394,1,76.8548,0.03153
1,395,1,76.8926,0.03154
1,396,1,76.9304,0.03154
1,397,1,76.9682,0.03155
1,398,1,77.0059,0.03155
1,399,1,77.0435,0.03156
1,400,1,77.0812,0.03157
1,401,1,77.1187,0.03157
1,402,1,77.1563,0.03158
1,403,1,77.1938,0.03159
1,404,1,77.2313,0.03159
1,405,1,77.2687,0.0316
1,406,1,77.306,0.0316
1,407,1,77.3434,0.03161
1,408,1,77.3807,0.03162
1,409,1,77.4179,0.03162
1,410,1,77.4551,0.03163
1,411,1,77.4923,0.03164
1,412,1,77.5295,0.03164
1,413,1,77.5665,0.03165
1,414,1,77.6036,0.03166
1,415,1,77.6406,0.03166
1,416,1,77.6776,0.03167
1,417,1,77.7145,0.03168
1,418,1,77.7514,0.03168
1,419,1,77.7883,0.03169
1,420,1,77.8251,0.0317
1,421,1,77.8618,0.0317
1,422,1,77.8986,0.03171
1,423,1,77.9353,0.03172
1,424,1,77.9719,0.03172
1,425,1,78.0085,0.03173
1,426,1,78.0451,0.03174
1,427,1,78.0817,0.03175
1,428,1,78.1182,0.03175
1,429,1,78.1546,0.03176
1,430,1,78.1911,0.03177
1,431,1,78.2275,0.03177
1,432,1,78.2638,0.03178
1,433,1,78.3001,0.03179
1,434,1,78.3364,0.0318
1,435,1,78.3727,0.0318
1,436,1,78.4089,0.03181
1,437,1,78.4451,0.03182
1,438,1,78.4812,0.03183
1,439,1,78.5173,0.03183
1,440,1,78.5534,0.03184
1,441,1,78.5894,0.03185
1,442,1,78.6254,0.03186
1,443,1,78.6614,0.03186
1,444,1,78.6973,0.03187
1,445,1,78.7332,0.03188
1,446,1,78.7691,0.03189
1,447,1,78.8049,0.03189
1,448,1,78.8407,0.0319
1,449,1,78.8764,0.03191
1,450,1,78.9122,0.03192
1,451,1,78.9479,0.03192
1,452,1,78.9835,0.03193
1,453,1,79.0191,0.03194
1,454,1,79.0547,0.03195
1,455,1,79.0903,0.03196
1,456,1,79.1258,0.03196
1,457,1,79.1613,0.03197
1,458,1,79.1968,0.03198
1,459,1,79.2322,0.03199
1,460,1,79.2676,0.032
1,461,1,79.303,0.032
1,462,1,79.3383,0.03201
1,463,1,79.3736,0.03202
1,464,1,79.4089,0.03203
1,465,1,79.4441,0.03204
1,466,1,79.4793,0.03204
1,467,1,79.5145,0.03205
1,468,1,79.5496,0.03206
1,469,1,79.5847,0.03207
1,470,1,79.6198,0.03208
1,471,1,79.6548,0.03209
1,472,1,79.6898,0.03209
1,473,1,79.7248,0.0321
1,474,1,79.7598,0.03211
1,475,1,79.7947,0.03212
1,476,1,79.8296,0.03213
1,477,1,79.8644,0.03214
1,478,1,79.8993,0.03214
1,479,1,79.9341,0.03215
1,480,1,79.9688,0.03216
1,481,1,80.0036,0.03217
1,482,1,80.0383,0.03218
1,483,1,80.0729,0.03219
1,484,1,80.1076,0.0322
1,485,1,80.1422,0.0322
1,486,1,80.1768,0.03221
1,487,1,80.2113,0.03222
1,488,1,80.2459,0.03223
1,489,1,80.2804,0.03224
1,490,1,80.3148,0.03225
1,491,1,80.3493,0.03226
1,492,1,80.3837,0.03226
1,493,1,80.4181,0.03227
1,494,1,80.4524,0.03228
1,495,1,80.4867,0.03229
1,496,1,80.521,0.0323
1,497,1,80.5553,0.03231
1,498,1,80.5895,0.03232
1,499,1,80.6237,0.03233
1,500,1,80.6578,0.03234
1,501,1,80.692,0.03234
1,502,1,80.7261,0.03235
1,503,1,80.7602,0.03236
1,504,1,80.7942,0.03237
1,505,1,80.8282,0.03238
1,506,1,80.8622,0.03239
1,507,1,80.8961,0.0324
1,508,1,80.9301,0.03241
1,509,1,80.964,0.03242
1,510,1,80.9978,0.03243
1,511,1,81.0317,0.03244
1,512,1,81.0655,0.03245
1,513,1,81.0992,0.03245
1,514,1,81.133,0.03246
1,515,1,81.1667,0.03247
1,516,1,81.2004,0.03248
1,517,1,81.234,0.03249
1,518,1,81.2677,0.0325
1,519,1,81.3013,0.03251
1,520,1,81.3348,0.03252
1,521,1,81.3684,0.03253
1,522,1,81.4019,0.03254
1,523,1,81.4353,0.03255
1,524,1,81.4688,0.03256
1,525,1,81.5022,0.03257
1,526,1,81.5356,0.03258
1,527,1,81.569,0.03259
1,528,1,81.6023,0.0326
1,529,1,81.6356,0.03261
1,530,1,81.6689,0.03261
1,531,1,81.7021,0.03262
1,532,1,81.7353,0.03263
1,533,1,81.7685,0.03264
1,534,1,81.8017,0.03265
1,535,1,81.8348,0.03266
1,536,1,81.8679,0.03267
1,537,1,81.9009,0.03268
1,538,1,81.934,0.03269
1,539,1,81.967,0.0327
1,540,1,82,0.03271
1,541,1,82.0329,0.03272
1,542,1,82.0659,0.03273
1,543,1,82.0987,0.03274
1,544,1,82.1316,0.03275
1,545,1,82.1644,0.03276
1,546,1,82.1973,0.03277
1,547,1,82.23,0.03278
1,548,1,82.2628,0.03279
1,549,1,82.2955,0.0328
1,550,1,82.3282,0.03281
1,551,1,82.3609,0.03282
1,552,1,82.3935,0.03283
1,553,1,82.4261,0.03284
1,554,1,82.4587,0.03285
1,555,1,82.4912,0.03286
1,556,1,82.5237,0.03287
1,557,1,82.5562,0.03288
1,558,1,82.5887,0.03289
1,559,1,82.6211,0.0329
1,560,1,82.6535,0.03291
1,561,1,82.6859,0.03292
1,562,1,82.7182,0.03293
1,563,1,82.7505,0.03294
1,564,1,82.7828,0.03295
1,565,1,82.8151,0.03296
1,566,1,82.8473,0.03297
1,567,1,82.8795,0.03298
1,568,1,82.9117,0.03299
1,569,1,82.9438,0.033
1,570,1,82.9759,0.03301
1,571,1,83.008,0.03302
1,572,1,83.04,0.03303
1,573,1,83.0721,0.03304
1,574,1,83.1041,0.03305
1,575,1,83.136,0.03306
1,576,1,83.168,0.03308
1,577,1,83.1999,0.03309
1,578,1,83.2318,0.0331
1,579,1,83.2637,0.03311
1,580,1,83.2955,0.03312
1,581,1,83.3273,0.03313
1,582,1,83.3591,0.03314
1,583,1,83.3908,0.03315
1,584,1,83.4226,0.03316
1,585,1,83.4543,0.03317
1,586,1,83.4859,0.03318
1,587,1,83.5176,0.03319
1,588,1,83.5492,0.0332
1,589,1,83.5808,0.03321
1,590,1,83.6124,0.03322
1,591,1,83.6439,0.03323
1,592,1,83.6754,0.03324
1,593,1,83.7069,0.03325
1,594,1,83.7384,0.03326
1,595,1,83.7698,0.03327
1,596,1,83.8012,0.03329
1,597,1,83.8326,0.0333
1,598,1,83.864,0.03331
1,599,1,83.8953,0.03332
1,600,1,83.9267,0.03333
1,601,1,83.9579,0.03334
1,602,1,83.9892,0.03335
1,603,1,84.0205,0.03336
1,604,1,84.0517,0.03337
1,605,1,84.0829,0.03338
1,606,1,84.114,0.03339
1,607,1,84.1452,0.0334
1,608,1,84.1763,0.03341
1,609,1,84.2074,0.03342
1,610,1,84.2385,0.03344
1,611,1,84.2695,0.03345
1,612,1,84.3006,0.03346
1,613,1,84.3316,0.03347
1,614,1,84.3626,0.03348
1,615,1,84.3935,0.03349
1,616,1,84.4245,0.0335
1,617,1,84.4554,0.03351
1,618,1,84.4862,0.03352
1,619,1,84.5171,0.03353
1,620,1,84.5479,0.03354
1,621,1,84.5787,0.03356
1,622,1,84.6095,0.03357
1,623,1,84.6403,0.03358
1,624,1,84.671,0.03359
1,625,1,84.7017,0.0336
1,626,1,84.7324,0.03361
1,627,1,84.7631,0.03362
1,628,1,84.7937,0.03363
1,629,1,84.8243,0.03364
1,630,1,84.8549,0.03365
1,631,1,84.8855,0.03367
1,632,1,84.916,0.03368
1,633,1,84.9465,0.03369
1,634,1,84.977,0.0337
1,635,1,85.0075,0.03371
1,636,1,85.0379,0.03372
1,637,1,85.0683,0.03373
1,638,1,85.0987,0.03374
1,639,1,85.1291,0.03375
1,640,1,85.1594,0.03377
1,641,1,85.1897,0.03378
1,642,1,85.22,0.03379
1,643,1,85.2503,0.0338
1,644,1,85.2805,0.03381
1,645,1,85.3108,0.03382
1,646,1,85.341,0.03383
1,647,1,85.3711,0.03384
1,648,1,85.4013,0.03385
1,649,1,85.4314,0.03387
1,650,1,85.4615,0.03388
1,651,1,85.4916,0.03389
1,652,1,85.5217,0.0339
1,653,1,85.5517,0.03391
1,654,1,85.5817,0.03392
1,655,1,85.6117,0.03393
1,656,1,85.6417,0.03394
1,657,1,85.6716,0.03396
1,658,1,85.7015,0.03397
1,659,1,85.7314,0.03398
1,660,1,85.7613,0.03399
1,661,1,85.7912,0.034
1,662,1,85.821,0.03401
1,663,1,85.8508,0.03402
1,664,1,85.8806,0.03404
1,665,1,85.9104,0.03405
1,666,1,85.9401,0.03406
1,667,1,85.9698,0.03407
1,668,1,85.9995,0.03408
1,669,1,86.0292,0.03409
1,670,1,86.0589,0.0341
1,671,1,86.0885,0.03411
1,672,1,86.1181,0.03413
1,673,1,86.1477,0.03414
1,674,1,86.1773,0.03415
1,675,1,86.2068,0.03416
1,676,1,86.2363,0.03417
1,677,1,86.2659,0.03418
1,678,1,86.2954,0.03419
1,679,1,86.3248,0.03421
1,680,1,86.3543,0.03422
1,681,1,86.3837,0.03423
1,682,1,86.4131,0.03424
1,683,1,86.4425,0.03425
1,684,1,86.4719,0.03426
1,685,1,86.5012,0.03427
1,686,1,86.5306,0.03429
1,687,1,86.5599,0.0343
1,688,1,86.5892,0.03431
1,689,1,86.6184,0.03432
1,690,1,86.6477,0.03433
1,691,1,86.6769,0.03434
1,692,1,86.7061,0.03435
1,693,1,86.7353,0.03437
1,694,1,86.7645,0.03438
1,695,1,86.7937,0.03439
1,696,1,86.8228,0.0344
1,697,1,86.8519,0.03441
1,698,1,86.881,0.03442
1,699,1,86.9101,0.03443
1,700,1,86.9392,0.03445
1,701,1,86.9682,0.03446
1,702,1,86.9972,0.03447
1,703,1,87.0262,0.03448
1,704,1,87.0552,0.03449
1,705,1,87.0842,0.0345
1,706,1,87.1131,0.03451
1,707,1,87.142,0.03453
1,708,1,87.1709,0.03454
1,709,1,87.1998,0.03455
1,710,1,87.2287,0.03456
1,711,1,87.2575,0.03457
1,712,1,87.2863,0.03458
1,713,1,87.3151,0.03459
1,714,1,87.3439,0.03461
1,715,1,87.3727,0.03462
1,716,1,87.4014,0.03463
1,717,1,87.4302,0.03464
1,718,1,87.4589,0.03465
1,719,1,87.4876,0.03466
1,720,1,87.5162,0.03467
1,721,1,87.5449,0.03469
1,722,1,87.5735,0.0347
1,723,1,87.6021,0.03471
1,724,1,87.6307,0.03472
1,725,1,87.6593,0.03473
1,726,1,87.6878,0.03474
1,727,1,87.7164,0.03475
1,728,1,87.7449,0.03477
1,729,1,87.7734,0.03478
1,730,1,87.8018,0.03479
1,731,1,87.1303,0.03508
1,732,1,87.1587,0.03509
1,733,1,87.1871,0.0351
1,734,1,87.2155,0.03511
1,735,1,87.2439,0.03513
1,736,1,87.2722,0.03514
1,737,1,87.3006,0.03515
1,738,1,87.3289,0.03516
1,739,1,87.3571,0.03517
1,740,1,87.3854,0.03518
1,741,1,87.4136,0.03519
1,742,1,87.4419,0.03521
1,743,1,87.4701,0.03522
1,744,1,87.4982,0.03523
1,745,1,87.5264,0.03524
1,746,1,87.5545,0.03525
1,747,1,87.5826,0.03526
1,748,1,87.6107,0.03527
1,749,1,87.6388,0.03528
1,750,1,87.6668,0.0353
1,751,1,87.6948,0.03531
1,752,1,87.7228,0.03532
1,753,1,87.7508,0.03533
1,754,1,87.7788,0.03534
1,755,1,87.8067,0.03535
1,756,1,87.8346,0.03536
1,757,1,87.8625,0.03538
1,758,1,87.8903,0.03539
1,759,1,87.9181,0.0354
1,760,1,87.946,0.03541
1,761,1,87.9737,0.03542
1,762,1,88.0015,0.03543
1,763,1,88.0292,0.03544
1,764,1,88.057,0.03545
1,765,1,88.0846,0.03547
1,766,1,88.1123,0.03548
1,767,1,88.14,0.03549
1,768,1,88.1676,0.0355
1,769,1,88.1952,0.03551
1,770,1,88.2228,0.03552
1,771,1,88.2503,0.03553
1,772,1,88.2778,0.03555
1,773,1,88.3053,0.03556
1,774,1,88.3328,0.03557
1,775,1,88.3603,0.03558
1,776,1,88.3877,0.03559
1,777,1,88.4151,0.0356
1,778,1,88.4425,0.03561
1,779,1,88.4699,0.03562
1,780,1,88.4972,0.03564
1,781,1,88.5245,0.03565
1,782,1,88.5518,0.03566
1,783,1,88.5791,0.03567
1,784,1,88.6063,0.03568
1,785,1,88.6335,0.03569
1,786,1,88.6607,0.0357
1,787,1,88.6879,0.03571
1,788,1,88.715,0.03572
1,789,1,88.7422,0.03574
1,790,1,88.7693,0.03575
1,791,1,88.7964,0.03576
1,792,1,88.8234,0.03577
1,793,1,88.8504,0.03578
1,794,1,88.8775,0.03579
1,795,1,88.9044,0.0358
1,796,1,88.9314,0.03581
1,797,1,88.9584,0.03582
1,798,1,88.9853,0.03584
1,799,1,89.0122,0.03585
1,800,1,89.0391,0.03586
1,801,1,89.0659,0.03587
1,802,1,89.0927,0.03588
1,803,1,89.1195,0.03589
1,804,1,89.1463,0.0359
1,805,1,89.1731,0.03591
1,806,1,89.1998,0.03592
1,807,1,89.2266,0.03593
1,808,1,89.2533,0.03595
1,809,1,89.2799,0.03596
1,810,1,89.3066,0.03597
1,811,1,89.3332,0.03598
1,812,1,89.3598,0.03599
1,813,1,89.3864,0.036
1,814,1,89.413,0.03601
1,815,1,89.4395,0.03602
1,816,1,89.466,0.03603
1,817,1,89.4925,0.03604
1,818,1,89.519,0.03605
1,819,1,89.5455,0.03607
1,820,1,89.5719,0.03608
1,821,1,89.5983,0.03609
1,822,1,89.6247,0.0361
1,823,1,89.651,0.03611
1,824,1,89.6774,0.03612
1,825,1,89.7037,0.03613
1,826,1,89.73,0.03614
1,827,1,89.7563,0.03615
1,828,1,89.7825,0.03616
1,829,1,89.8087,0.03617
1,830,1,89.8349,0.03618
1,831,1,89.8611,0.0362
1,832,1,89.8873,0.03621
1,833,1,89.9134,0.03622
1,834,1,89.9395,0.03623
1,835,1,89.9656,0.03624
1,836,1,89.9917,0.03625
1,837,1,90.0177,0.03626
1,838,1,90.0437,0.03627
1,839,1,90.0697,0.03628
1,840,1,90.0957,0.03629
1,841,1,90.1216,0.0363
1,842,1,90.1476,0.03631
1,843,1,90.1735,0.03632
1,844,1,90.1994,0.03633
1,845,1,90.2252,0.03634
1,846,1,90.251,0.03636
1,847,1,90.2769,0.03637
1,848,1,90.3026,0.03638
1,849,1,90.3284,0.03639
1,850,1,90.3541,0.0364
1,851,1,90.3799,0.03641
1,852,1,90.4056,0.03642
1,853,1,90.4312,0.03643
1,854,1,90.4569,0.03644
1,855,1,90.4825,0.03645
1,856,1,90.5081,0.03646
1,857,1,90.5337,0.03647
1,858,1,90.5592,0.03648
1,859,1,90.5848,0.03649
1,860,1,90.6103,0.0365
1,861,1,90.6358,0.03651
1,862,1,90.6612,0.03652
1,863,1,90.6867,0.03653
1,864,1,90.7121,0.03654
1,865,1,90.7375,0.03655
1,866,1,90.7628,0.03656
1,867,1,90.7882,0.03657
1,868,1,90.8135,0.03659
1,869,1,90.8388,0.0366
1,870,1,90.8641,0.03661
1,871,1,90.8893,0.03662
1,872,1,90.9146,0.03663
1,873,1,90.9398,0.03664
1,874,1,90.965,0.03665
1,875,1,90.9901,0.03666
1,876,1,91.0153,0.03667
1,877,1,91.0404,0.03668
1,878,1,91.0655,0.03669
1,879,1,91.0905,0.0367
1,880,1,91.1156,0.03671
1,881,1,91.1406,0.03672
1,882,1,91.1656,0.03673
1,883,1,91.1906,0.03674
1,884,1,91.2155,0.03675
1,885,1,91.2405,0.03676
1,886,1,91.2654,0.03677
1,887,1,91.2903,0.03678
1,888,1,91.3151,0.03679
1,889,1,91.34,0.0368
1,890,1,91.3648,0.03681
1,891,1,91.3896,0.03682
1,892,1,91.4144,0.03683
1,893,1,91.4391,0.03684
1,894,1,91.4639,0.03685
1,895,1,91.4886,0.03686
1,896,1,91.5133,0.03687
1,897,1,91.5379,0.03688
1,898,1,91.5626,0.03689
1,899,1,91.5872,0.0369
1,900,1,91.6118,0.03691
1,901,1,91.6364,0.03692
1,902,1,91.6609,0.03693
1,903,1,91.6855,0.03694
1,904,1,91.71,0.03695
1,905,1,91.7345,0.03696
1,906,1,91.759,0.03697
1,907,1,91.7834,0.03698
1,908,1,91.8078,0.03699
1,909,1,91.8323,0.037
1,910,1,91.8566,0.03701
1,911,1,91.881,0.03702
1,912,1,91.9053,0.03703
1,913,1,91.9297,0.03704
1,914,1,91.954,0.03705
1,915,1,91.9783,0.03706
1,916,1,92.0025,0.03707
1,917,1,92.0268,0.03708
1,918,1,92.051,0.03709
1,919,1,92.0752,0.0371
1,920,1,92.0993,0.03711
1,921,1,92.1235,0.03711
1,922,1,92.1476,0.03712
1,923,1,92.1717,0.03713
1,924,1,92.1958,0.03714
1,925,1,92.2199,0.03715
1,926,1,92.244,0.03716
1,927,1,92.268,0.03717
1,928,1,92.292,0.03718
1,929,1,92.316,0.03719
1,930,1,92.34,0.0372
1,931,1,92.3639,0.03721
1,932,1,92.3879,0.03722
1,933,1,92.4118,0.03723
1,934,1,92.4357,0.03724
1,935,1,92.4595,0.03725
1,936,1,92.4834,0.03726
1,937,1,92.5072,0.03727
1,938,1,92.531,0.03728
1,939,1,92.5548,0.03729
1,940,1,92.5786,0.0373
1,941,1,92.6023,0.0373
1,942,1,92.6261,0.03731
1,943,1,92.6498,0.03732
1,944,1,92.6735,0.03733
1,945,1,92.6971,0.03734
1,946,1,92.7208,0.03735
1,947,1,92.7444,0.03736
1,948,1,92.768,0.03737
1,949,1,92.7916,0.03738
1,950,1,92.8152,0.03739
1,951,1,92.8388,0.0374
1,952,1,92.8623,0.03741
1,953,1,92.8858,0.03742
1,954,1,92.9093,0.03743
1,955,1,92.9328,0.03743
1,956,1,92.9562,0.03744
1,957,1,92.9797,0.03745
1,958,1,93.0031,0.03746
1,959,1,93.0265,0.03747
1,960,1,93.0499,0.03748
1,961,1,93.0732,0.03749
1,962,1,93.0966,0.0375
1,963,1,93.1199,0.03751
1,964,1,93.1432,0.03752
1,965,1,93.1665,0.03753
1,966,1,93.1898,0.03753
1,967,1,93.213,0.03754
1,968,1,93.2363,0.03755
1,969,1,93.2595,0.03756
1,970,1,93.2827,0.03757
1,971,1,93.3059,0.03758
1,972,1,93.329,0.03759
1,973,1,93.3522,0.0376
1,974,1,93.3753,0.03761
1,975,1,93.3984,0.03762
1,976,1,93.4215,0.03762
1,977,1,93.4446,0.03763
1,978,1,93.4676,0.03764
1,979,1,93.4906,0.03765
1,980,1,93.5137,0.03766
1,981,1,93.5367,0.03767
1,982,1,93.5596,0.03768
1,983,1,93.5826,0.03769
1,984,1,93.6056,0.03769
1,985,1,93.6285,0.0377
1,986,1,93.6514,0.03771
1,987,1,93.6743,0.03772
1,988,1,93.6972,0.03773
1,989,1,93.7201,0.03774
1,990,1,93.7429,0.03775
1,991,1,93.7658,0.03776
1,992,1,93.7886,0.03776
1,993,1,93.8114,0.03777
1,994,1,93.8342,0.03778
1,995,1,93.8569,0.03779
1,996,1,93.8797,0.0378
1,997,1,93.9024,0.03781
1,998,1,93.9252,0.03782
1,999,1,93.9479,0.03782
1,1000,1,93.9706,0.03783
1,1001,1,93.9932,0.03784
1,1002,1,94.0159,0.03785
1,1003,1,94.0385,0.03786
1,1004,1,94.0612,0.03787
1,1005,1,94.0838,0.03788
1,1006,1,94.1064,0.03788
1,1007,1,94.129,0.03789
1,1008,1,94.1516,0.0379
1,1009,1,94.1741,0.03791
1,1010,1,94.1967,0.03792
1,1011,1,94.2192,0.03793
1,1012,1,94.2417,0.03793
1,1013,1,94.2642,0.03794
1,1014,1,94.2867,0.03795
1,1015,1,94.3092,0.03796
1,1016,1,94.3317,0.03797
1,1017,1,94.3541,0.03798
1,1018,1,94.3765,0.03798
1,1019,1,94.399,0.03799
1,1020,1,94.4214,0.038
1,1021,1,94.4438,0.03801
1,1022,1,94.4662,0.03802
1,1023,1,94.4885,0.03802
1,1024,1,94.5109,0.03803
1,1025,1,94.5332,0.03804
1,1026,1,94.5556,0.03805
1,1027,1,94.5779,0.03806
1,1028,1,94.6002,0.03807
1,1029,1,94.6225,0.03807
1,1030,1,94.6447,0.03808
1,1031,1,94.667,0.03809
1,1032,1,94.6893,0.0381
1,1033,1,94.7115,0.03811
1,1034,1,94.7337,0.03811
1,1035,1,94.7559,0.03812
1,1036,1,94.7782,0.03813
1,1037,1,94.8003,0.03814
1,1038,1,94.8225,0.03815
1,1039,1,94.8447,0.03815
1,1040,1,94.8668,0.03816
1,1041,1,94.889,0.03817
1,1042,1,94.9111,0.03818
1,1043,1,94.9332,0.03819
1,1044,1,94.9553,0.03819
1,1045,1,94.9774,0.0382
1,1046,1,94.9995,0.03821
1,1047,1,95.0216,0.03822
1,1048,1,95.0436,0.03822
1,1049,1,95.0657,0.03823
1,1050,1,95.0877,0.03824
1,1051,1,95.1097,0.03825
1,1052,1,95.1317,0.03826
1,1053,1,95.1537,0.03826
1,1054,1,95.1757,0.03827
1,1055,1,95.1977,0.03828
1,1056,1,95.2197,0.03829
1,1057,1,95.2416,0.03829
1,1058,1,95.2636,0.0383
1,1059,1,95.2855,0.03831
1,1060,1,95.3074,0.03832
1,1061,1,95.3293,0.03833
1,1062,1,95.3512,0.03833
1,1063,1,95.3731,0.03834
1,1064,1,95.3949,0.03835
1,1065,1,95.4168,0.03836
1,1066,1,95.4386,0.03836
1,1067,1,95.4605,0.03837
1,1068,1,95.4823,0.03838
1,1069,1,95.5041,0.03839
1,1070,1,95.5259,0.03839
1,1071,1,95.5477,0.0384
1,1072,1,95.5695,0.03841
1,1073,1,95.5913,0.03842
1,1074,1,95.613,0.03842
1,1075,1,95.6348,0.03843
1,1076,1,95.6565,0.03844
1,1077,1,95.6782,0.03845
1,1078,1,95.6999,0.03845
1,1079,1,95.7216,0.03846
1,1080,1,95.7433,0.03847
1,1081,1,95.765,0.03848
1,1082,1,95.7867,0.03848
1,1083,1,95.8083,0.03849
1,1084,1,95.83,0.0385
1,1085,1,95.8516,0.0385
1,1086,1,95.8732,0.03851
1,1087,1,95.8948,0.03852
1,1088,1,95.9165,0.03853
1,1089,1,95.938,0.03853
1,1090,1,95.9596,0.03854
1,1091,1,95.9812,0.03855
1,1092,1,96.0028,0.03856
1,1093,1,96.0243,0.03856
1,1094,1,96.0459,0.03857
1,1095,1,96.0674,0.03858
1,1096,1,96.0889,0.03858
1,1097,1,96.1104,0.03859
1,1098,1,96.1319,0.0386
1,1099,1,96.1534,0.03861
1,1100,1,96.1749,0.03861
1,1101,1,96.1964,0.03862
1,1102,1,96.2178,0.03863
1,1103,1,96.2393,0.03863
1,1104,1,96.2607,0.03864
1,1105,1,96.2821,0.03865
1,1106,1,96.3035,0.03866
1,1107,1,96.325,0.03866
1,1108,1,96.3464,0.03867
1,1109,1,96.3677,0.03868
1,1110,1,96.3891,0.03868
1,1111,1,96.4105,0.03869
1,1112,1,96.4318,0.0387
1,1113,1,96.4532,0.0387
1,1114,1,96.4745,0.03871
1,1115,1,96.4958,0.03872
1,1116,1,96.5172,0.03873
1,1117,1,96.5385,0.03873
1,1118,1,96.5598,0.03874
1,1119,1,96.581,0.03875
1,1120,1,96.6023,0.03875
1,1121,1,96.6236,0.03876
1,1122,1,96.6448,0.03877
1,1123,1,96.6661,0.03877
1,1124,1,96.6873,0.03878
1,1125,1,96.7085,0.03879
1,1126,1,96.7298,0.03879
1,1127,1,96.751,0.0388
1,1128,1,96.7722,0.03881
1,1129,1,96.7933,0.03881
1,1130,1,96.8145,0.03882
1,1131,1,96.8357,0.03883
1,1132,1,96.8568,0.03883
1,1133,1,96.878,0.03884
1,1134,1,96.8991,0.03885
1,1135,1,96.9203,0.03885
1,1136,1,96.9414,0.03886
1,1137,1,96.9625,0.03887
1,1138,1,96.9836,0.03887
1,1139,1,97.0047,0.03888
1,1140,1,97.0258,0.03889
1,1141,1,97.0468,0.03889
1,1142,1,97.0679,0.0389
1,1143,1,97.0889,0.03891
1,1144,1,97.11,0.03891
1,1145,1,97.131,0.03892
1,1146,1,97.1521,0.03893
1,1147,1,97.1731,0.03893
1,1148,1,97.1941,0.03894
1,1149,1,97.2151,0.03895
1,1150,1,97.2361,0.03895
1,1151,1,97.257,0.03896
1,1152,1,97.278,0.03897
1,1153,1,97.299,0.03897
1,1154,1,97.3199,0.03898
1,1155,1,97.3409,0.03899
1,1156,1,97.3618,0.03899
1,1157,1,97.3827,0.039
1,1158,1,97.4036,0.03901
1,1159,1,97.4245,0.03901
1,1160,1,97.4454,0.03902
1,1161,1,97.4663,0.03902
1,1162,1,97.4872,0.03903
1,1163,1,97.5081,0.03904
1,1164,1,97.5289,0.03904
1,1165,1,97.5498,0.03905
1,1166,1,97.5706,0.03906
1,1167,1,97.5914,0.03906
1,1168,1,97.6123,0.03907
1,1169,1,97.6331,0.03908
1,1170,1,97.6539,0.03908
1,1171,1,97.6747,0.03909
1,1172,1,97.6954,0.03909
1,1173,1,97.7162,0.0391
1,1174,1,97.737,0.03911
1,1175,1,97.7577,0.03911
1,1176,1,97.7785,0.03912
1,1177,1,97.7992,0.03913
1,1178,1,97.8199,0.03913
1,1179,1,97.8406,0.03914
1,1180,1,97.8614,0.03914
1,1181,1,97.8821,0.03915
1,1182,1,97.9027,0.03916
1,1183,1,97.9234,0.03916
1,1184,1,97.9441,0.03917
1,1185,1,97.9647,0.03917
1,1186,1,97.9854,0.03918
1,1187,1,98.006,0.03919
1,1188,1,98.0267,0.03919
1,1189,1,98.0473,0.0392
1,1190,1,98.0679,0.0392
1,1191,1,98.0885,0.03921
1,1192,1,98.1091,0.03922
1,1193,1,98.1297,0.03922
1,1194,1,98.1503,0.03923
1,1195,1,98.1708,0.03924
1,1196,1,98.1914,0.03924
1,1197,1,98.2119,0.03925
1,1198,1,98.2325,0.03925
1,1199,1,98.253,0.03926
1,1200,1,98.2735,0.03927
1,1201,1,98.294,0.03927
1,1202,1,98.3145,0.03928
1,1203,1,98.335,0.03928
1,1204,1,98.3555,0.03929
1,1205,1,98.3759,0.03929
1,1206,1,98.3964,0.0393
1,1207,1,98.4169,0.03931
1,1208,1,98.4373,0.03931
1,1209,1,98.4577,0.03932
1,1210,1,98.4782,0.03932
1,1211,1,98.4986,0.03933
1,1212,1,98.519,0.03934
1,1213,1,98.5394,0.03934
1,1214,1,98.5598,0.03935
1,1215,1,98.5801,0.03935
1,1216,1,98.6005,0.03936
1,1217,1,98.6209,0.03937
1,1218,1,98.6412,0.03937
1,1219,1,98.6615,0.03938
1,1220,1,98.6819,0.03938
1,1221,1,98.7022,0.03939
1,1222,1,98.7225,0.03939
1,1223,1,98.7428,0.0394
1,1224,1,98.7631,0.03941
1,1225,1,98.7834,0.03941
1,1226,1,98.8036,0.03942
1,1227,1,98.8239,0.03942
1,1228,1,98.8442,0.03943
1,1229,1,98.8644,0.03943
1,1230,1,98.8846,0.03944
1,1231,1,98.9049,0.03945
1,1232,1,98.9251,0.03945
1,1233,1,98.9453,0.03946
1,1234,1,98.9655,0.03946
1,1235,1,98.9857,0.03947
1,1236,1,99.0058,0.03947
1,1237,1,99.026,0.03948
1,1238,1,99.0461,0.03949
1,1239,1,99.0663,0.03949
1,1240,1,99.0864,0.0395
1,1241,1,99.1065,0.0395
1,1242,1,99.1267,0.03951
1,1243,1,99.1468,0.03951
1,1244,1,99.1669,0.03952
1,1245,1,99.1869,0.03952
1,1246,1,99.207,0.03953
1,1247,1,99.2271,0.03954
1,1248,1,99.2471,0.03954
1,1249,1,99.2672,0.03955
1,1250,1,99.2872,0.03955
1,1251,1,99.3072,0.03956
1,1252,1,99.3272,0.03956
1,1253,1,99.3472,0.03957
1,1254,1,99.3672,0.03957
1,1255,1,99.3872,0.03958
1,1256,1,99.4072,0.03958
1,1257,1,99.4272,0.03959
1,1258,1,99.4471,0.0396
1,1259,1,99.4671,0.0396
1,1260,1,99.487,0.03961
1,1261,1,99.5069,0.03961
1,1262,1,99.5268,0.03962
1,1263,1,99.5467,0.03962
1,1264,1,99.5666,0.03963
1,1265,1,99.5865,0.03963
1,1266,1,99.6064,0.03964
1,1267,1,99.6262,0.03964
1,1268,1,99.6461,0.03965
1,1269,1,99.666,0.03966
1,1270,1,99.6858,0.03966
1,1271,1,99.7056,0.03967
1,1272,1,99.7254,0.03967
1,1273,1,99.7452,0.03968
1,1274,1,99.765,0.03968
1,1275,1,99.7848,0.03969
1,1276,1,99.8046,0.03969
1,1277,1,99.8244,0.0397
1,1278,1,99.8441,0.0397
1,1279,1,99.8639,0.03971
1,1280,1,99.8836,0.03971
1,1281,1,99.9034,0.03972
1,1282,1,99.9231,0.03972
1,1283,1,99.9428,0.03973
1,1284,1,99.9625,0.03973
1,1285,1,99.9822,0.03974
1,1286,1,100.0019,0.03975
1,1287,1,100.0216,0.03975
1,1288,1,100.0412,0.03976
1,1289,1,100.0609,0.03976
1,1290,1,100.0805,0.03977
1,1291,1,100.1002,0.03977
1,1292,1,100.1198,0.03978
1,1293,1,100.1394,0.03978
1,1294,1,100.1591,0.03979
1,1295,1,100.1787,0.03979
1,1296,1,100.1983,0.0398
1,1297,1,100.2178,0.0398
1,1298,1,100.2374,0.03981
1,1299,1,100.257,0.03981
1,1300,1,100.2765,0.03982
1,1301,1,100.2961,0.03982
1,1302,1,100.3156,0.03983
1,1303,1,100.3352,0.03983
1,1304,1,100.3547,0.03984
1,1305,1,100.3742,0.03984
1,1306,1,100.3937,0.03985
1,1307,1,100.4132,0.03985
1,1308,1,100.4327,0.03986
1,1309,1,100.4522,0.03986
1,1310,1,100.4717,0.03987
1,1311,1,100.4911,0.03987
1,1312,1,100.5106,0.03988
1,1313,1,100.53,0.03988
1,1314,1,100.5495,0.03989
1,1315,1,100.5689,0.0399
1,1316,1,100.5883,0.0399
1,1317,1,100.6077,0.03991
1,1318,1,100.6271,0.03991
1,1319,1,100.6465,0.03992
1,1320,1,100.6659,0.03992
1,1321,1,100.6853,0.03993
1,1322,1,100.7046,0.03993
1,1323,1,100.724,0.03994
1,1324,1,100.7434,0.03994
1,1325,1,100.7627,0.03995
1,1326,1,100.782,0.03995
1,1327,1,100.8013,0.03996
1,1328,1,100.8207,0.03996
1,1329,1,100.84,0.03997
1,1330,1,100.8593,0.03997
1,1331,1,100.8786,0.03998
1,1332,1,100.8978,0.03998
1,1333,1,100.9171,0.03999
1,1334,1,100.9364,0.03999
1,1335,1,100.9556,0.04
1,1336,1,100.9749,0.04
1,1337,1,100.9941,0.04001
1,1338,1,101.0134,0.04001
1,1339,1,101.0326,0.04002
1,1340,1,101.0518,0.04002
1,1341,1,101.071,0.04003
1,1342,1,101.0902,0.04003
1,1343,1,101.1094,0.04004
1,1344,1,101.1286,0.04004
1,1345,1,101.1477,0.04004
1,1346,1,101.1669,0.04005
1,1347,1,101.1861,0.04005
1,1348,1,101.2052,0.04006
1,1349,1,101.2244,0.04006
1,1350,1,101.2435,0.04007
1,1351,1,101.2626,0.04007
1,1352,1,101.2817,0.04008
1,1353,1,101.3008,0.04008
1,1354,1,101.32,0.04009
1,1355,1,101.339,0.04009
1,1356,1,101.3581,0.0401
1,1357,1,101.3772,0.0401
1,1358,1,101.3963,0.04011
1,1359,1,101.4153,0.04011
1,1360,1,101.4344,0.04012
1,1361,1,101.4535,0.04012
1,1362,1,101.4725,0.04013
1,1363,1,101.4915,0.04013
1,1364,1,101.5106,0.04014
1,1365,1,101.5296,0.04014
1,1366,1,101.5486,0.04015
1,1367,1,101.5676,0.04015
1,1368,1,101.5866,0.04016
1,1369,1,101.6056,0.04016
1,1370,1,101.6246,0.04017
1,1371,1,101.6435,0.04017
1,1372,1,101.6625,0.04018
1,1373,1,101.6815,0.04018
1,1374,1,101.7004,0.04019
1,1375,1,101.7194,0.04019
1,1376,1,101.7383,0.0402
1,1377,1,101.7572,0.0402
1,1378,1,101.7762,0.0402
1,1379,1,101.7951,0.04021
1,1380,1,101.814,0.04021
1,1381,1,101.8329,0.04022
1,1382,1,101.8518,0.04022
1,1383,1,101.8707,0.04023
1,1384,1,101.8896,0.04023
1,1385,1,101.9085,0.04024
1,1386,1,101.9274,0.04024
1,1387,1,101.9462,0.04025
1,1388,1,101.9651,0.04025
1,1389,1,101.9839,0.04026
1,1390,1,102.0028,0.04026
1,1391,1,102.0216,0.04027
1,1392,1,102.0405,0.04027
1,1393,1,102.0593,0.04028
1,1394,1,102.0781,0.04028
1,1395,1,102.097,0.04029
1,1396,1,102.1158,0.04029
1,1397,1,102.1346,0.0403
1,1398,1,102.1534,0.0403
1,1399,1,102.1722,0.0403
1,1400,1,102.191,0.04031
1,1401,1,102.2097,0.04031
1,1402,1,102.2285,0.04032
1,1403,1,102.2473,0.04032
1,1404,1,102.2661,0.04033
1,1405,1,102.2848,0.04033
1,1406,1,102.3036,0.04034
1,1407,1,102.3223,0.04034
1,1408,1,102.3411,0.04035
1,1409,1,102.3598,0.04035
1,1410,1,102.3785,0.04036
1,1411,1,102.3972,0.04036
1,1412,1,102.416,0.04037
1,1413,1,102.4347,0.04037
1,1414,1,102.4534,0.04037
1,1415,1,102.4721,0.04038
1,1416,1,102.4908,0.04038
1,1417,1,102.5095,0.04039
1,1418,1,102.5282,0.04039
1,1419,1,102.5469,0.0404
1,1420,1,102.5655,0.0404
1,1421,1,102.5842,0.04041
1,1422,1,102.6029,0.04041
1,1423,1,102.6215,0.04042
1,1424,1,102.6402,0.04042
1,1425,1,102.6588,0.04043
1,1426,1,102.6775,0.04043
1,1427,1,102.6961,0.04044
1,1428,1,102.7148,0.04044
1,1429,1,102.7334,0.04044
1,1430,1,102.752,0.04045
1,1431,1,102.7706,0.04045
1,1432,1,102.7893,0.04046
1,1433,1,102.8079,0.04046
1,1434,1,102.8265,0.04047
1,1435,1,102.8451,0.04047
1,1436,1,102.8637,0.04048
1,1437,1,102.8823,0.04048
1,1438,1,102.9009,0.04049
1,1439,1,102.9195,0.04049
1,1440,1,102.938,0.0405
1,1441,1,102.9566,0.0405
1,1442,1,102.9752,0.0405
1,1443,1,102.9938,0.04051
1,1444,1,103.0123,0.04051
1,1445,1,103.0309,0.04052
1,1446,1,103.0494,0.04052
1,1447,1,103.068,0.04053
1,1448,1,103.0865,0.04053
1,1449,1,103.1051,0.04054
1,1450,1,103.1236,0.04054
1,1451,1,103.1421,0.04055
1,1452,1,103.1607,0.04055
1,1453,1,103.1792,0.04055
1,1454,1,103.1977,0.04056
1,1455,1,103.2162,0.04056
1,1456,1,103.2348,0.04057
1,1457,1,103.2533,0.04057
1,1458,1,103.2718,0.04058
1,1459,1,103.2903,0.04058
1,1460,1,103.3088,0.04059
1,1461,1,103.3273,0.04059
1,1462,1,103.3458,0.0406
1,1463,1,103.3643,0.0406
1,1464,1,103.3827,0.0406
1,1465,1,103.4012,0.04061
1,1466,1,103.4197,0.04061
1,1467,1,103.4382,0.04062
1,1468,1,103.4566,0.04062
1,1469,1,103.4751,0.04063
1,1470,1,103.4936,0.04063
1,1471,1,103.512,0.04064
1,1472,1,103.5305,0.04064
1,1473,1,103.5489,0.04065
1,1474,1,103.5674,0.04065
1,1475,1,103.5858,0.04065
1,1476,1,103.6043,0.04066
1,1477,1,103.6227,0.04066
1,1478,1,103.6412,0.04067
1,1479,1,103.6596,0.04067
1,1480,1,103.678,0.04068
1,1481,1,103.6965,0.04068
1,1482,1,103.7149,0.04069
1,1483,1,103.7333,0.04069
1,1484,1,103.7517,0.04069
1,1485,1,103.7701,0.0407
1,1486,1,103.7885,0.0407
1,1487,1,103.807,0.04071
1,1488,1,103.8254,0.04071
1,1489,1,103.8438,0.04072
1,1490,1,103.8622,0.04072
1,1491,1,103.8806,0.04073
1,1492,1,103.899,0.04073
1,1493,1,103.9174,0.04073
1,1494,1,103.9357,0.04074
1,1495,1,103.9541,0.04074
1,1496,1,103.9725,0.04075
1,1497,1,103.9909,0.04075
1,1498,1,104.0093,0.04076
1,1499,1,104.0277,0.04076
1,1500,1,104.046,0.04077
1,1501,1,104.0644,0.04077
1,1502,1,104.0828,0.04078
1,1503,1,104.1011,0.04078
1,1504,1,104.1195,0.04078
1,1505,1,104.1379,0.04079
1,1506,1,104.1562,0.04079
1,1507,1,104.1746,0.0408
1,1508,1,104.1929,0.0408
1,1509,1,104.2113,0.04081
1,1510,1,104.2296,0.04081
1,1511,1,104.248,0.04082
1,1512,1,104.2663,0.04082
1,1513,1,104.2847,0.04082
1,1514,1,104.303,0.04083
1,1515,1,104.3213,0.04083
1,1516,1,104.3397,0.04084
1,1517,1,104.358,0.04084
1,1518,1,104.3763,0.04085
1,1519,1,104.3947,0.04085
1,1520,1,104.413,0.04086
1,1521,1,104.4313,0.04086
1,1522,1,104.4496,0.04086
1,1523,1,104.4679,0.04087
1,1524,1,104.4863,0.04087
1,1525,1,104.5046,0.04088
1,1526,1,104.5229,0.04088
1,1527,1,104.5412,0.04089
1,1528,1,104.5595,0.04089
1,1529,1,104.5778,0.04089
1,1530,1,104.5961,0.0409
1,1531,1,104.6144,0.0409
1,1532,1,104.6327,0.04091
1,1533,1,104.651,0.04091
1,1534,1,104.6693,0.04092
1,1535,1,104.6876,0.04092
1,1536,1,104.7059,0.04093
1,1537,1,104.7242,0.04093
1,1538,1,104.7425,0.04093
1,1539,1,104.7608,0.04094
1,1540,1,104.7791,0.04094
1,1541,1,104.7974,0.04095
1,1542,1,104.8157,0.04095
1,1543,1,104.8339,0.04096
1,1544,1,104.8522,0.04096
1,1545,1,104.8705,0.04097
1,1546,1,104.8888,0.04097
1,1547,1,104.9071,0.04097
1,1548,1,104.9253,0.04098
1,1549,1,104.9436,0.04098
1,1550,1,104.9619,0.04099
1,1551,1,104.9802,0.04099
1,1552,1,104.9984,0.041
1,1553,1,105.0167,0.041
1,1554,1,105.035,0.041
1,1555,1,105.0532,0.04101
1,1556,1,105.0715,0.04101
1,1557,1,105.0898,0.04102
1,1558,1,105.108,0.04102
1,1559,1,105.1263,0.04103
1,1560,1,105.1445,0.04103
1,1561,1,105.1628,0.04104
1,1562,1,105.1811,0.04104
1,1563,1,105.1993,0.04104
1,1564,1,105.2176,0.04105
1,1565,1,105.2358,0.04105
1,1566,1,105.2541,0.04106
1,1567,1,105.2723,0.04106
1,1568,1,105.2906,0.04107
1,1569,1,105.3088,0.04107
1,1570,1,105.3271,0.04107
1,1571,1,105.3453,0.04108
1,1572,1,105.3635,0.04108
1,1573,1,105.3818,0.04109
1,1574,1,105.4,0.04109
1,1575,1,105.4183,0.0411
1,1576,1,105.4365,0.0411
1,1577,1,105.4547,0.04111
1,1578,1,105.473,0.04111
1,1579,1,105.4912,0.04111
1,1580,1,105.5094,0.04112
1,1581,1,105.5277,0.04112
1,1582,1,105.5459,0.04113
1,1583,1,105.5641,0.04113
1,1584,1,105.5824,0.04114
1,1585,1,105.6006,0.04114
1,1586,1,105.6188,0.04114
1,1587,1,105.637,0.04115
1,1588,1,105.6553,0.04115
1,1589,1,105.6735,0.04116
1,1590,1,105.6917,0.04116
1,1591,1,105.7099,0.04117
1,1592,1,105.7281,0.04117
1,1593,1,105.7463,0.04117
1,1594,1,105.7646,0.04118
1,1595,1,105.7828,0.04118
1,1596,1,105.801,0.04119
1,1597,1,105.8192,0.04119
1,1598,1,105.8374,0.0412
1,1599,1,105.8556,0.0412
1,1600,1,105.8738,0.0412
1,1601,1,105.892,0.04121
1,1602,1,105.9102,0.04121
1,1603,1,105.9284,0.04122
1,1604,1,105.9466,0.04122
1,1605,1,105.9648,0.04123
1,1606,1,105.983,0.04123
1,1607,1,106.0012,0.04123
1,1608,1,106.0194,0.04124
1,1609,1,106.0376,0.04124
1,1610,1,106.0558,0.04125
1,1611,1,106.074,0.04125
1,1612,1,106.0922,0.04126
1,1613,1,106.1104,0.04126
1,1614,1,106.1286,0.04127
1,1615,1,106.1467,0.04127
1,1616,1,106.1649,0.04127
1,1617,1,106.1831,0.04128
1,1618,1,106.2013,0.04128
1,1619,1,106.2195,0.04129
1,1620,1,106.2377,0.04129
1,1621,1,106.2558,0.0413
1,1622,1,106.274,0.0413
1,1623,1,106.2922,0.0413
1,1624,1,106.3104,0.04131
1,1625,1,106.3285,0.04131
1,1626,1,106.3467,0.04132
1,1627,1,106.3649,0.04132
1,1628,1,106.3831,0.04132
1,1629,1,106.4012,0.04133
1,1630,1,106.4194,0.04133
1,1631,1,106.4376,0.04134
1,1632,1,106.4557,0.04134
1,1633,1,106.4739,0.04135
1,1634,1,106.4921,0.04135
1,1635,1,106.5102,0.04135
1,1636,1,106.5284,0.04136
1,1637,1,106.5465,0.04136
1,1638,1,106.5647,0.04137
1,1639,1,106.5829,0.04137
1,1640,1,106.601,0.04138
1,1641,1,106.6192,0.04138
1,1642,1,106.6373,0.04138
1,1643,1,106.6555,0.04139
1,1644,1,106.6736,0.04139
1,1645,1,106.6918,0.0414
1,1646,1,106.7099,0.0414
1,1647,1,106.7281,0.04141
1,1648,1,106.7462,0.04141
1,1649,1,106.7644,0.04141
1,1650,1,106.7825,0.04142
1,1651,1,106.8006,0.04142
1,1652,1,106.8188,0.04143
1,1653,1,106.8369,0.04143
1,1654,1,106.8551,0.04144
1,1655,1,106.8732,0.04144
1,1656,1,106.8913,0.04144
1,1657,1,106.9095,0.04145
1,1658,1,106.9276,0.04145
1,1659,1,106.9457,0.04146
1,1660,1,106.9639,0.04146
1,1661,1,106.982,0.04147
1,1662,1,107.0001,0.04147
1,1663,1,107.0183,0.04147
1,1664,1,107.0364,0.04148
1,1665,1,107.0545,0.04148
1,1666,1,107.0727,0.04149
1,1667,1,107.0908,0.04149
1,1668,1,107.1089,0.04149
1,1669,1,107.127,0.0415
1,1670,1,107.1452,0.0415
1,1671,1,107.1633,0.04151
1,1672,1,107.1814,0.04151
1,1673,1,107.1995,0.04152
1,1674,1,107.2176,0.04152
1,1675,1,107.2358,0.04152
1,1676,1,107.2539,0.04153
1,1677,1,107.272,0.04153
1,1678,1,107.2901,0.04154
1,1679,1,107.3082,0.04154
1,1680,1,107.3263,0.04154
1,1681,1,107.3444,0.04155
1,1682,1,107.3625,0.04155
1,1683,1,107.3806,0.04156
1,1684,1,107.3988,0.04156
1,1685,1,107.4169,0.04157
1,1686,1,107.435,0.04157
1,1687,1,107.4531,0.04157
1,1688,1,107.4712,0.04158
1,1689,1,107.4893,0.04158
1,1690,1,107.5074,0.04159
1,1691,1,107.5255,0.04159
1,1692,1,107.5436,0.0416
1,1693,1,107.5617,0.0416
1,1694,1,107.5798,0.0416
1,1695,1,107.5979,0.04161
1,1696,1,107.616,0.04161
1,1697,1,107.6341,0.04162
1,1698,1,107.6522,0.04162
1,1699,1,107.6702,0.04162
1,1700,1,107.6883,0.04163
1,1701,1,107.7064,0.04163
1,1702,1,107.7245,0.04164
1,1703,1,107.7426,0.04164
1,1704,1,107.7607,0.04165
1,1705,1,107.7788,0.04165
1,1706,1,107.7969,0.04165
1,1707,1,107.8149,0.04166
1,1708,1,107.833,0.04166
1,1709,1,107.8511,0.04167
1,1710,1,107.8692,0.04167
1,1711,1,107.8873,0.04167
1,1712,1,107.9053,0.04168
1,1713,1,107.9234,0.04168
1,1714,1,107.9415,0.04169
1,1715,1,107.9596,0.04169
1,1716,1,107.9777,0.04169
1,1717,1,107.9957,0.0417
1,1718,1,108.0138,0.0417
1,1719,1,108.0319,0.04171
1,1720,1,108.0499,0.04171
1,1721,1,108.068,0.04172
1,1722,1,108.0861,0.04172
1,1723,1,108.1041,0.04172
1,1724,1,108.1222,0.04173
1,1725,1,108.1403,0.04173
1,1726,1,108.1583,0.04174
1,1727,1,108.1764,0.04174
1,1728,1,108.1945,0.04174
1,1729,1,108.2125,0.04175
1,1730,1,108.2306,0.04175
1,1731,1,108.2487,0.04176
1,1732,1,108.2667,0.04176
1,1733,1,108.2848,0.04176
1,1734,1,108.3028,0.04177
1,1735,1,108.3209,0.04177
1,1736,1,108.3389,0.04178
1,1737,1,108.357,0.04178
1,1738,1,108.375,0.04179
1,1739,1,108.3931,0.04179
1,1740,1,108.4112,0.04179
1,1741,1,108.4292,0.0418
1,1742,1,108.4473,0.0418
1,1743,1,108.4653,0.04181
1,1744,1,108.4833,0.04181
1,1745,1,108.5014,0.04181
1,1746,1,108.5194,0.04182
1,1747,1,108.5375,0.04182
1,1748,1,108.5555,0.04183
1,1749,1,108.5736,0.04183
1,1750,1,108.5916,0.04183
1,1751,1,108.6097,0.04184
1,1752,1,108.6277,0.04184
1,1753,1,108.6457,0.04185
1,1754,1,108.6638,0.04185
1,1755,1,108.6818,0.04185
1,1756,1,108.6998,0.04186
1,1757,1,108.7179,0.04186
1,1758,1,108.7359,0.04187
1,1759,1,108.7539,0.04187
1,1760,1,108.772,0.04188
1,1761,1,108.79,0.04188
1,1762,1,108.808,0.04188
1,1763,1,108.8261,0.04189
1,1764,1,108.8441,0.04189
1,1765,1,108.8621,0.0419
1,1766,1,108.8801,0.0419
1,1767,1,108.8982,0.0419
1,1768,1,108.9162,0.04191
1,1769,1,108.9342,0.04191
1,1770,1,108.9522,0.04192
1,1771,1,108.9702,0.04192
1,1772,1,108.9883,0.04192
1,1773,1,109.0063,0.04193
1,1774,1,109.0243,0.04193
1,1775,1,109.0423,0.04194
1,1776,1,109.0603,0.04194
1,1777,1,109.0783,0.04194
1,1778,1,109.0963,0.04195
1,1779,1,109.1144,0.04195
1,1780,1,109.1324,0.04196
1,1781,1,109.1504,0.04196
1,1782,1,109.1684,0.04196
1,1783,1,109.1864,0.04197
1,1784,1,109.2044,0.04197
1,1785,1,109.2224,0.04198
1,1786,1,109.2404,0.04198
1,1787,1,109.2584,0.04198
1,1788,1,109.2764,0.04199
1,1789,1,109.2944,0.04199
1,1790,1,109.3124,0.042
1,1791,1,109.3304,0.042
1,1792,1,109.3484,0.042
1,1793,1,109.3664,0.04201
1,1794,1,109.3843,0.04201
1,1795,1,109.4023,0.04202
1,1796,1,109.4203,0.04202
1,1797,1,109.4383,0.04202
1,1798,1,109.4563,0.04203
1,1799,1,109.4743,0.04203
1,1800,1,109.4923,0.04204
1,1801,1,109.5102,0.04204
1,1802,1,109.5282,0.04204
1,1803,1,109.5462,0.04205
1,1804,1,109.5642,0.04205
1,1805,1,109.5822,0.04206
1,1806,1,109.6001,0.04206
1,1807,1,109.6181,0.04206
1,1808,1,109.6361,0.04207
1,1809,1,109.654,0.04207
1,1810,1,109.672,0.04208
1,1811,1,109.69,0.04208
1,1812,1,109.7079,0.04208
1,1813,1,109.7259,0.04209
1,1814,1,109.7439,0.04209
1,1815,1,109.7618,0.0421
1,1816,1,109.7798,0.0421
1,1817,1,109.7978,0.0421
1,1818,1,109.8157,0.04211
1,1819,1,109.8337,0.04211
1,1820,1,109.8516,0.04212
1,1821,1,109.8696,0.04212
1,1822,1,109.8875,0.04212
1,1823,1,109.9055,0.04213
1,1824,1,109.9234,0.04213
1,1825,1,109.9414,0.04214
1,1826,1,109.9593,0.04214
1,1827,1,109.9773,0.04214
1,1828,1,109.9952,0.04215
1,1829,1,110.0131,0.04215
1,1830,1,110.0311,0.04216
1,1831,1,110.049,0.04216
1,1832,1,110.0669,0.04216
1,1833,1,110.0849,0.04217
1,1834,1,110.1028,0.04217
1,1835,1,110.1207,0.04218
1,1836,1,110.1387,0.04218
1,1837,1,110.1566,0.04218
1,1838,1,110.1745,0.04219
1,1839,1,110.1924,0.04219
1,1840,1,110.2104,0.0422
1,1841,1,110.2283,0.0422
1,1842,1,110.2462,0.0422
1,1843,1,110.2641,0.04221
1,1844,1,110.282,0.04221
1,1845,1,110.3,0.04222
1,1846,1,110.3179,0.04222
1,1847,1,110.3358,0.04222
1,1848,1,110.3537,0.04223
1,1849,1,110.3716,0.04223
1,1850,1,110.3895,0.04223
1,1851,1,110.4074,0.04224
1,1852,1,110.4253,0.04224
1,1853,1,110.4432,0.04225
1,1854,1,110.4611,0.04225
1,1855,1,110.479,0.04225
1,1856,1,110.4969,0.04226
1,1887,1,110.8006,0.04172
1,1917,1,111.3338,0.0418
1,1948,1,111.8636,0.04187
1,1978,1,112.3895,0.04195
1,2008,1,112.911,0.04203
1,2039,1,113.428,0.04211
1,2069,1,113.941,0.04218
1,2100,1,114.45,0.04226
1,2130,1,114.9547,0.04234
1,2161,1,115.4549,0.04241
1,2191,1,115.9509,0.04249
1,2221,1,116.4432,0.04257
1,2252,1,116.9325,0.04264
1,2282,1,117.4196,0.04272
1,2313,1,117.9046,0.0428
1,2343,1,118.388,0.04287
1,2374,1,118.87,0.04295
1,2404,1,119.3508,0.04303
1,2435,1,119.8303,0.04311
1,2465,1,120.3085,0.04318
1,2495,1,120.7853,0.04326
1,2526,1,121.2604,0.04334
1,2556,1,121.7338,0.04342
1,2587,1,122.2053,0.0435
1,2617,1,122.675,0.04358
1,2648,1,123.1429,0.04366
1,2678,1,123.6092,0.04374
1,2708,1,124.0736,0.04382
1,2739,1,124.5361,0.0439
1,2769,1,124.9964,0.04398
1,2800,1,125.4545,0.04406
1,2830,1,125.9104,0.04414
1,2861,1,126.364,0.04422
1,2891,1,126.8156,0.0443
1,2922,1,127.2651,0.04438
1,2952,1,127.7129,0.04446
1,2982,1,128.159,0.04454
1,3013,1,128.6034,0.04462
1,3043,1,129.0466,0.0447
1,3074,1,129.4887,0.04478
1,3104,1,129.93,0.04487
1,3135,1,130.3705,0.04495
1,3165,1,130.8103,0.04503
1,3195,1,131.2495,0.04511
1,3226,1,131.6884,0.04519
1,3256,1,132.1269,0.04527
1,3287,1,132.5652,0.04535
1,3317,1,133.0031,0.04543
1,3348,1,133.4404,0.04551
1,3378,1,133.877,0.04559
1,3409,1,134.313,0.04566
1,3439,1,134.7483,0.04574
1,3469,1,135.1829,0.04582
1,3500,1,135.6168,0.04589
1,3530,1,136.0501,0.04597
1,3561,1,136.4829,0.04604
1,3591,1,136.9153,0.04612
1,3622,1,137.3474,0.04619
1,3652,1,137.7795,0.04626
1,3682,1,138.2119,0.04633
1,3713,1,138.6452,0.0464
1,3743,1,139.0797,0.04647
1,3774,1,139.5158,0.04654
1,3804,1,139.954,0.04661
1,3835,1,140.3948,0.04667
1,3865,1,140.8387,0.04674
1,3896,1,141.2859,0.0468
1,3926,1,141.7368,0.04686
1,3956,1,142.1916,0.04692
1,3987,1,142.6501,0.04698
1,4017,1,143.1126,0.04703
1,4048,1,143.5795,0.04709
1,4078,1,144.0511,0.04714
1,4109,1,144.5276,0.04719
1,4139,1,145.0093,0.04723
1,4169,1,145.4964,0.04728
1,4200,1,145.9891,0.04732
1,4230,1,146.4878,0.04736
1,4261,1,146.9927,0.0474
1,4291,1,147.5041,0.04744
1,4322,1,148.0224,0.04747
1,4352,1,148.5478,0.0475
1,4383,1,149.0807,0.04753
1,4413,1,149.6212,0.04755
1,4443,1,150.1694,0.04758
1,4474,1,150.7256,0.04759
1,4504,1,151.2899,0.04761
1,4535,1,151.8623,0.04762
1,4565,1,152.4425,0.04763
1,4596,1,153.0298,0.04763
1,4626,1,153.6234,0.04764
1,4656,1,154.2223,0.04763
1,4687,1,154.8258,0.04763
1,4717,1,155.4329,0.04762
1,4748,1,156.0426,0.0476
1,4778,1,156.6539,0.04758
1,4809,1,157.266,0.04756
1,4839,1,157.8775,0.04754
1,4870,1,158.4871,0.04751
1,4900,1,159.0937,0.04747
1,4930,1,159.6962,0.04744
1,4961,1,160.2939,0.0474
1,4991,1,160.8861,0.04735
1,5022,1,161.472,0.0473
1,5052,1,162.0505,0.04725
1,5083,1,162.6207,0.0472
1,5113,1,163.1816,0.04714
1,5143,1,163.7321,0.04707
1,5174,1,164.2717,0.04701
1,5204,1,164.7994,0.04694
1,5235,1,165.3145,0.04687
1,5265,1,165.8165,0.04679
1,5296,1,166.305,0.04671
1,5326,1,166.7799,0.04663
1,5357,1,167.2415,0.04655
1,5387,1,167.6899,0.04646
1,5417,1,168.1255,0.04637
1,5448,1,168.5482,0.04628
1,5478,1,168.958,0.04619
1,5509,1,169.3549,0.04609
1,5539,1,169.7389,0.04599
1,5570,1,170.1099,0.04589
1,5600,1,170.468,0.04579
1,5630,1,170.8136,0.04569
1,5661,1,171.1468,0.04559
1,5691,1,171.468,0.04548
1,5722,1,171.7773,0.04538
1,5752,1,172.0748,0.04527
1,5783,1,172.3606,0.04516
1,5813,1,172.6345,0.04506
1,5844,1,172.8967,0.04495
1,5874,1,173.147,0.04484
1,5904,1,173.3856,0.04473
1,5935,1,173.6126,0.04462
1,5965,1,173.828,0.04451
1,5996,1,174.0321,0.0444
1,6026,1,174.2251,0.04429
1,6057,1,174.4071,0.04418
1,6087,1,174.5784,0.04407
1,6117,1,174.7392,0.04396
1,6148,1,174.8896,0.04385
1,6178,1,175.0301,0.04375
1,6209,1,175.1609,0.04364
1,6239,1,175.2824,0.04353
1,6270,1,175.3951,0.04343
1,6300,1,175.4995,0.04332
1,6331,1,175.5959,0.04322
1,6361,1,175.685,0.04311
1,6391,1,175.7672,0.04301
1,6422,1,175.8432,0.04291
1,6452,1,175.9133,0.04281
1,6483,1,175.9781,0.04271
1,6513,1,176.038,0.04261
1,6544,1,176.0935,0.04251
1,6574,1,176.1449,0.04241
1,6604,1,176.1925,0.04232
1,6635,1,176.2368,0.04222
1,6665,1,176.2779,0.04213
1,6696,1,176.3162,0.04204
1,6726,1,176.3518,0.04195
1,6757,1,176.3851,0.04185
1,6787,1,176.4162,0.04177
1,6818,1,176.4453,0.04168
1,6848,1,176.4724,0.04159
1,6878,1,176.4976,0.0415
1,6909,1,176.5211,0.04142
1,6939,1,176.5432,0.04134
2,0,1,49.1477,0.0379
2,1,1,49.3166,0.03783
2,2,1,49.4854,0.03776
2,3,1,49.6543,0.0377
2,4,1,49.8232,0.03763
2,5,1,49.9921,0.03756
2,6,1,50.1609,0.03749
2,7,1,50.3298,0.03742
2,8,1,50.4987,0.03735
2,9,1,50.6676,0.03728
2,10,1,50.8365,0.03722
2,11,1,51.0053,0.03715
2,12,1,51.1742,0.03708
2,13,1,51.3431,0.03701
2,14,1,51.512,0.03694
2,15,1,51.651,0.0369
2,16,1,51.7895,0.03687
2,17,1,51.9272,0.03683
2,18,1,52.0641,0.0368
2,19,1,52.2002,0.03676
2,20,1,52.3353,0.03673
2,21,1,52.4695,0.03669
2,22,1,52.6027,0.03666
2,23,1,52.7349,0.03663
2,24,1,52.8661,0.0366
2,25,1,52.9963,0.03656
2,26,1,53.1255,0.03653
2,27,1,53.2537,0.0365
2,28,1,53.3809,0.03647
2,29,1,53.5072,0.03644
2,30,1,53.6326,0.03641
2,31,1,53.7571,0.03638
2,32,1,53.8806,0.03636
2,33,1,54.0031,0.03633
2,34,1,54.1247,0.0363
2,35,1,54.2454,0.03627
2,36,1,54.3651,0.03625
2,37,1,54.4839,0.03622
2,38,1,54.6018,0.03619
2,39,1,54.7187,0.03617
2,40,1,54.8348,0.03614
2,41,1,54.9499,0.03612
2,42,1,55.0642,0.03609
2,43,1,55.1777,0.03607
2,44,1,55.2903,0.03604
2,45,1,55.4021,0.03602
2,46,1,55.513,0.036
2,47,1,55.623,0.03597
2,48,1,55.7322,0.03595
2,49,1,55.8406,0.03593
2,50,1,55.9482,0.03591
2,51,1,56.0549,0.03588
2,52,1,56.1609,0.03586
2,53,1,56.266,0.03584
2,54,1,56.3704,0.03582
2,55,1,56.4739,0.0358
2,56,1,56.5767,0.03578
2,57,1,56.6788,0.03576
2,58,1,56.78,0.03574
2,59,1,56.8806,0.03572
2,60,1,56.9805,0.0357
2,61,1,57.0796,0.03568
2,62,1,57.1782,0.03566
2,63,1,57.2761,0.03564
2,64,1,57.3733,0.03562
2,65,1,57.4699,0.03561
2,66,1,57.5659,0.03559
2,67,1,57.6613,0.03557
2,68,1,57.756,0.03555
2,69,1,57.8501,0.03553
2,70,1,57.9436,0.03552
2,71,1,58.0365,0.0355
2,72,1,58.1288,0.03548
2,73,1,58.2206,0.03547
2,74,1,58.3117,0.03545
2,75,1,58.4022,0.03543
2,76,1,58.4922,0.03542
2,77,1,58.5816,0.0354
2,78,1,58.6705,0.03539
2,79,1,58.7588,0.03537
2,80,1,58.8465,0.03536
2,81,1,58.9337,0.03534
2,82,1,59.0204,0.03533
2,83,1,59.1066,0.03531
2,84,1,59.1922,0.0353
2,85,1,59.2773,0.03528
2,86,1,59.3619,0.03527
2,87,1,59.4459,0.03526
2,88,1,59.5295,0.03524
2,89,1,59.6126,0.03523
2,90,1,59.6952,0.03521
2,91,1,59.7773,0.0352
2,92,1,59.8589,0.03519
2,93,1,59.9401,0.03517
2,94,1,60.0209,0.03516
2,95,1,60.1011,0.03515
2,96,1,60.181,0.03514
2,97,1,60.2603,0.03512
2,98,1,60.3393,0.03511
2,99,1,60.4178,0.0351
2,100,1,60.4958,0.03509
2,101,1,60.5734,0.03508
2,102,1,60.6506,0.03506
2,103,1,60.7273,0.03505
2,104,1,60.8036,0.03504
2,105,1,60.8795,0.03503
2,106,1,60.955,0.03502
2,107,1,61.0301,0.03501
2,108,1,61.1047,0.035
2,109,1,61.1789,0.03499
2,110,1,61.2527,0.03497
2,111,1,61.3261,0.03496
2,112,1,61.3991,0.03495
2,113,1,61.4717,0.03494
2,114,1,61.5439,0.03493
2,115,1,61.6156,0.03492
2,116,1,61.687,0.03491
2,117,1,61.758,0.0349
2,118,1,61.8286,0.03489
2,119,1,61.8988,0.03488
2,120,1,61.9686,0.03487
2,121,1,62.0381,0.03487
2,122,1,62.1071,0.03486
2,123,1,62.1758,0.03485
2,124,1,62.2441,0.03484
2,125,1,62.312,0.03483
2,126,1,62.3795,0.03482
2,127,1,62.4467,0.03481
2,128,1,62.5135,0.0348
2,129,1,62.58,0.03479
2,130,1,62.6461,0.03479
2,131,1,62.7118,0.03478
2,132,1,62.7772,0.03477
2,133,1,62.8423,0.03476
2,134,1,62.907,0.03475
2,135,1,62.9714,0.03475
2,136,1,63.0354,0.03474
2,137,1,63.0991,0.03473
2,138,1,63.1626,0.03472
2,139,1,63.2257,0.03471
2,140,1,63.2884,0.03471
2,141,1,63.3509,0.0347
2,142,1,63.4131,0.03469
2,143,1,63.475,0.03469
2,144,1,63.5365,0.03468
2,145,1,63.5978,0.03467
2,146,1,63.6588,0.03467
2,147,1,63.7196,0.03466
2,148,1,63.78,0.03465
2,149,1,63.8402,0.03465
2,150,1,63.9,0.03464
2,151,1,63.9597,0.03463
2,152,1,64.019,0.03463
2,153,1,64.0781,0.03462
2,154,1,64.137,0.03461
2,155,1,64.1956,0.03461
2,156,1,64.2539,0.0346
2,157,1,64.312,0.0346
2,158,1,64.3699,0.03459
2,159,1,64.4276,0.03459
2,160,1,64.485,0.03458
2,161,1,64.5422,0.03457
2,162,1,64.5991,0.03457
2,163,1,64.6559,0.03456
2,164,1,64.7124,0.03456
2,165,1,64.7688,0.03455
2,166,1,64.8249,0.03455
2,167,1,64.8808,0.03454
2,168,1,64.9366,0.03454
2,169,1,64.9921,0.03453
2,170,1,65.0474,0.03453
2,171,1,65.1026,0.03453
2,172,1,65.1576,0.03452
2,173,1,65.2123,0.03452
2,174,1,65.267,0.03451
2,175,1,65.3214,0.03451
2,176,1,65.3757,0.0345
2,177,1,65.4298,0.0345
2,178,1,65.4837,0.0345
2,179,1,65.5375,0.03449
2,180,1,65.5911,0.03449
2,181,1,65.6445,0.03449
2,182,1,65.6978,0.03448
2,183,1,65.751,0.03448
2,184,1,65.804,0.03447
2,185,1,65.8568,0.03447
2,186,1,65.9095,0.03447
2,187,1,65.9621,0.03447
2,188,1,66.0145,0.03446
2,189,1,66.0668,0.03446
2,190,1,66.1189,0.03446
2,191,1,66.1709,0.03445
2,192,1,66.2228,0.03445
2,193,1,66.2745,0.03445
2,194,1,66.3261,0.03444
2,195,1,66.3776,0.03444
2,196,1,66.429,0.03444
2,197,1,66.4802,0.03444
2,198,1,66.5313,0.03444
2,199,1,66.5823,0.03443
2,200,1,66.6331,0.03443
2,201,1,66.6839,0.03443
2,202,1,66.7345,0.03443
2,203,1,66.785,0.03442
2,204,1,66.8354,0.03442
2,205,1,66.8857,0.03442
2,206,1,66.9359,0.03442
2,207,1,66.9859,0.03442
2,208,1,67.0359,0.03442
2,209,1,67.0858,0.03441
2,210,1,67.1355,0.03441
2,211,1,67.1852,0.03441
2,212,1,67.2347,0.03441
2,213,1,67.2842,0.03441
2,214,1,67.3335,0.03441
2,215,1,67.3828,0.03441
2,216,1,67.432,0.03441
2,217,1,67.481,0.0344
2,218,1,67.53,0.0344
2,219,1,67.5789,0.0344
2,220,1,67.6277,0.0344
2,221,1,67.6764,0.0344
2,222,1,67.725,0.0344
2,223,1,67.7735,0.0344
2,224,1,67.8219,0.0344
2,225,1,67.8703,0.0344
2,226,1,67.9185,0.0344
2,227,1,67.9667,0.0344
2,228,1,68.0148,0.0344
2,229,1,68.0628,0.0344
2,230,1,68.1107,0.0344
2,231,1,68.1585,0.0344
2,232,1,68.2063,0.0344
2,233,1,68.254,0.0344
2,234,1,68.3016,0.0344
2,235,1,68.3491,0.0344
2,236,1,68.3965,0.0344
2,237,1,68.4439,0.0344
2,238,1,68.4911,0.0344
2,239,1,68.5383,0.0344
2,240,1,68.5855,0.0344
2,241,1,68.6325,0.0344
2,242,1,68.6795,0.0344
2,243,1,68.7264,0.0344
2,244,1,68.7732,0.0344
2,245,1,68.82,0.0344
2,246,1,68.8666,0.0344
2,247,1,68.9133,0.0344
2,248,1,68.9598,0.0344
2,249,1,69.0063,0.0344
2,250,1,69.0527,0.0344
2,251,1,69.099,0.03441
2,252,1,69.1452,0.03441
2,253,1,69.1914,0.03441
2,254,1,69.2376,0.03441
2,255,1,69.2836,0.03441
2,256,1,69.3296,0.03441
2,257,1,69.3755,0.03441
2,258,1,69.4214,0.03441
2,259,1,69.4672,0.03441
2,260,1,69.5129,0.03442
2,261,1,69.5585,0.03442
2,262,1,69.6041,0.03442
2,263,1,69.6496,0.03442
2,264,1,69.6951,0.03442
2,265,1,69.7405,0.03442
2,266,1,69.7858,0.03443
2,267,1,69.8311,0.03443
2,268,1,69.8763,0.03443
2,269,1,69.9215,0.03443
2,270,1,69.9666,0.03443
2,271,1,70.0116,0.03444
2,272,1,70.0566,0.03444
2,273,1,70.1015,0.03444
2,274,1,70.1463,0.03444
2,275,1,70.1911,0.03444
2,276,1,70.2358,0.03445
2,277,1,70.2805,0.03445
2,278,1,70.3251,0.03445
2,279,1,70.3697,0.03445
2,280,1,70.4142,0.03445
2,281,1,70.4586,0.03446
2,282,1,70.503,0.03446
2,283,1,70.5474,0.03446
2,284,1,70.5917,0.03446
2,285,1,70.6359,0.03447
2,286,1,70.68,0.03447
2,287,1,70.7241,0.03447
2,288,1,70.7682,0.03448
2,289,1,70.8122,0.03448
2,290,1,70.8561,0.03448
2,291,1,70.9,0.03448
2,292,1,70.9439,0.03449
2,293,1,70.9876,0.03449
2,294,1,71.0314,0.03449
2,295,1,71.075,0.0345
2,296,1,71.1187,0.0345
2,297,1,71.1622,0.0345
2,298,1,71.2057,0.0345
2,299,1,71.2492,0.03451
2,300,1,71.2926,0.03451
2,301,1,71.3359,0.03451
2,302,1,71.3792,0.03452
2,303,1,71.4224,0.03452
2,304,1,71.4656,0.03452
2,305,1,71.5088,0.03453
2,306,1,71.5518,0.03453
2,307,1,71.5949,0.03453
2,308,1,71.6378,0.03454
2,309,1,71.6808,0.03454
2,310,1,71.7236,0.03454
2,311,1,71.7664,0.03455
2,312,1,71.8092,0.03455
2,313,1,71.8519,0.03456
2,314,1,71.8946,0.03456
2,315,1,71.9372,0.03456
2,316,1,71.9798,0.03457
2,317,1,72.0223,0.03457
2,318,1,72.0647,0.03457
2,319,1,72.1071,0.03458
2,320,1,72.1495,0.03458
2,321,1,72.1918,0.03459
2,322,1,72.234,0.03459
2,323,1,72.2762,0.03459
2,324,1,72.3184,0.0346
2,325,1,72.3605,0.0346
2,326,1,72.4025,0.03461
2,327,1,72.4445,0.03461
2,328,1,72.4865,0.03461
2,329,1,72.5284,0.03462
2,330,1,72.5702,0.03462
2,331,1,72.612,0.03463
2,332,1,72.6538,0.03463
2,333,1,72.6955,0.03464
2,334,1,72.7372,0.03464
2,335,1,72.7788,0.03464
2,336,1,72.8203,0.03465
2,337,1,72.8618,0.03465
2,338,1,72.9033,0.03466
2,339,1,72.9447,0.03466
2,340,1,72.9861,0.03467
2,341,1,73.0274,0.03467
2,342,1,73.0686,0.03468
2,343,1,73.1099,0.03468
2,344,1,73.151,0.03469
2,345,1,73.1922,0.03469
2,346,1,73.2332,0.03469
2,347,1,73.2743,0.0347
2,348,1,73.3152,0.0347
2,349,1,73.3562,0.03471
2,350,1,73.3971,0.03471
2,351,1,73.4379,0.03472
2,352,1,73.4787,0.03472
2,353,1,73.5195,0.03473
2,354,1,73.5602,0.03473
2,355,1,73.6008,0.03474
2,356,1,73.6414,0.03474
2,357,1,73.682,0.03475
2,358,1,73.7225,0.03475
2,359,1,73.763,0.03476
2,360,1,73.8034,0.03476
2,361,1,73.8438,0.03477
2,362,1,73.8842,0.03477
2,363,1,73.9245,0.03478
2,364,1,73.9647,0.03478
2,365,1,74.0049,0.03479
2,366,1,74.0451,0.03479
2,367,1,74.0852,0.0348
2,368,1,74.1253,0.0348
2,369,1,74.1653,0.03481
2,370,1,74.2053,0.03482
2,371,1,74.2452,0.03482
2,372,1,74.2851,0.03483
2,373,1,74.325,0.03483
2,374,1,74.3648,0.03484
2,375,1,74.4045,0.03484
2,376,1,74.4443,0.03485
2,377,1,74.4839,0.03485
2,378,1,74.5236,0.03486
2,379,1,74.5632,0.03486
2,380,1,74.6027,0.03487
2,381,1,74.6422,0.03488
2,382,1,74.6817,0.03488
2,383,1,74.7211,0.03489
2,384,1,74.7605,0.03489
2,385,1,74.7998,0.0349
2,386,1,74.8391,0.0349
2,387,1,74.8784,0.03491
2,388,1,74.9176,0.03491
2,389,1,74.9567,0.03492
2,390,1,74.9959,0.03493
2,391,1,75.0349,0.03493
2,392,1,75.074,0.03494
2,393,1,75.113,0.03494
2,394,1,75.1519,0.03495
2,395,1,75.1908,0.03495
2,396,1,75.2297,0.03496
2,397,1,75.2686,0.03497
2,398,1,75.3073,0.03497
2,399,1,75.3461,0.03498
2,400,1,75.3848,0.03498
2,401,1,75.4235,0.03499
2,402,1,75.4621,0.035
2,403,1,75.5007,0.035
2,404,1,75.5392,0.03501
2,405,1,75.5777,0.03501
2,406,1,75.6162,0.03502
2,407,1,75.6546,0.03503
2,408,1,75.693,0.03503
2,409,1,75.7313,0.03504
2,410,1,75.7696,0.03504
2,411,1,75.8079,0.03505
2,412,1,75.8461,0.03506
2,413,1,75.8843,0.03506
2,414,1,75.9224,0.03507
2,415,1,75.9605,0.03507
2,416,1,75.9986,0.03508
2,417,1,76.0366,0.03509
2,418,1,76.0746,0.03509
2,419,1,76.1125,0.0351
2,420,1,76.1504,0.03511
2,421,1,76.1883,0.03511
2,422,1,76.2261,0.03512
2,423,1,76.2639,0.03512
2,424,1,76.3016,0.03513
2,425,1,76.3393,0.03514
2,426,1,76.377,0.03514
2,427,1,76.4146,0.03515
2,428,1,76.4522,0.03516
2,429,1,76.4897,0.03516
2,430,1,76.5272,0.03517
2,431,1,76.5647,0.03518
2,432,1,76.6021,0.03518
2,433,1,76.6395,0.03519
2,434,1,76.6769,0.03519
2,435,1,76.7142,0.0352
2,436,1,76.7515,0.03521
2,437,1,76.7887,0.03521
2,438,1,76.8259,0.03522
2,439,1,76.8631,0.03523
2,440,1,76.9002,0.03523
2,441,1,76.9373,0.03524
2,442,1,76.9744,0.03525
2,443,1,77.0114,0.03525
2,444,1,77.0484,0.03526
2,445,1,77.0853,0.03527
2,446,1,77.1222,0.03527
2,447,1,77.1591,0.03528
2,448,1,77.1959,0.03529
2,449,1,77.2327,0.03529
2,450,1,77.2695,0.0353
2,451,1,77.3062,0.0353
2,452,1,77.3429,0.03531
2,453,1,77.3796,0.03532
2,454,1,77.4162,0.03532
2,455,1,77.4528,0.03533
2,456,1,77.4893,0.03534
2,457,1,77.5258,0.03534
2,458,1,77.5623,0.03535
2,459,1,77.5988,0.03536
2,460,1,77.6352,0.03536
2,461,1,77.6716,0.03537
2,462,1,77.7079,0.03538
2,463,1,77.7442,0.03538
2,464,1,77.7805,0.03539
2,465,1,77.8167,0.0354
2,466,1,77.8529,0.0354
2,467,1,77.8891,0.03541
2,468,1,77.9252,0.03542
2,469,1,77.9613,0.03543
2,470,1,77.9974,0.03543
2,471,1,78.0334,0.03544
2,472,1,78.0694,0.03545
2,473,1,78.1054,0.03545
2,474,1,78.1413,0.03546
2,475,1,78.1772,0.03547
2,476,1,78.2131,0.03547
2,477,1,78.249,0.03548
2,478,1,78.2848,0.03549
2,479,1,78.3205,0.03549
2,480,1,78.3563,0.0355
2,481,1,78.392,0.03551
2,482,1,78.4276,0.03551
2,483,1,78.4633,0.03552
2,484,1,78.4989,0.03553
2,485,1,78.5345,0.03553
2,486,1,78.57,0.03554
2,487,1,78.6055,0.03555
2,488,1,78.641,0.03556
2,489,1,78.6764,0.03556
2,490,1,78.7118,0.03557
2,491,1,78.7472,0.03558
2,492,1,78.7826,0.03558
2,493,1,78.8179,0.03559
2,494,1,78.8532,0.0356
2,495,1,78.8884,0.0356
2,496,1,78.9236,0.03561
2,497,1,78.9588,0.03562
2,498,1,78.994,0.03562
2,499,1,79.0291,0.03563
2,500,1,79.0642,0.03564
2,501,1,79.0993,0.03565
2,502,1,79.1343,0.03565
2,503,1,79.1693,0.03566
2,504,1,79.2042,0.03567
2,505,1,79.2392,0.03567
2,506,1,79.2741,0.03568
2,507,1,79.3089,0.03569
2,508,1,79.3438,0.03569
2,509,1,79.3786,0.0357
2,510,1,79.4134,0.03571
2,511,1,79.4481,0.03572
2,512,1,79.4828,0.03572
2,513,1,79.5175,0.03573
2,514,1,79.5521,0.03574
2,515,1,79.5868,0.03574
2,516,1,79.6213,0.03575
2,517,1,79.6559,0.03576
2,518,1,79.6904,0.03577
2,519,1,79.7249,0.03577
2,520,1,79.7594,0.03578
2,521,1,79.7938,0.03579
2,522,1,79.8282,0.03579
2,523,1,79.8626,0.0358
2,524,1,79.8969,0.03581
2,525,1,79.9312,0.03582
2,526,1,79.9655,0.03582
2,527,1,79.9998,0.03583
2,528,1,80.034,0.03584
2,529,1,80.0682,0.03584
2,530,1,80.1023,0.03585
2,531,1,80.1365,0.03586
2,532,1,80.1706,0.03587
2,533,1,80.2046,0.03587
2,534,1,80.2387,0.03588
2,535,1,80.2727,0.03589
2,536,1,80.3067,0.03589
2,537,1,80.3406,0.0359
2,538,1,80.3745,0.03591
2,539,1,80.4084,0.03592
2,540,1,80.4423,0.03592
2,541,1,80.4761,0.03593
2,542,1,80.5099,0.03594
2,543,1,80.5437,0.03594
2,544,1,80.5774,0.03595
2,545,1,80.6112,0.03596
2,546,1,80.6448,0.03597
2,547,1,80.6785,0.03597
2,548,1,80.7121,0.03598
2,549,1,80.7457,0.03599
2,550,1,80.7793,0.036
2,551,1,80.8128,0.036
2,552,1,80.8464,0.03601
2,553,1,80.8798,0.03602
2,554,1,80.9133,0.03602
2,555,1,80.9467,0.03603
2,556,1,80.9801,0.03604
2,557,1,81.0135,0.03605
2,558,1,81.0468,0.03605
2,559,1,81.0802,0.03606
2,560,1,81.1134,0.03607
2,561,1,81.1467,0.03608
2,562,1,81.1799,0.03608
2,563,1,81.2131,0.03609
2,564,1,81.2463,0.0361
2,565,1,81.2795,0.03611
2,566,1,81.3126,0.03611
2,567,1,81.3457,0.03612
2,568,1,81.3788,0.03613
2,569,1,81.4118,0.03613
2,570,1,81.4448,0.03614
2,571,1,81.4778,0.03615
2,572,1,81.5108,0.03616
2,573,1,81.5437,0.03616
2,574,1,81.5766,0.03617
2,575,1,81.6095,0.03618
2,576,1,81.6423,0.03619
2,577,1,81.6752,0.03619
2,578,1,81.708,0.0362
2,579,1,81.7407,0.03621
2,580,1,81.7735,0.03622
2,581,1,81.8062,0.03622
2,582,1,81.8389,0.03623
2,583,1,81.8715,0.03624
2,584,1,81.9042,0.03624
2,585,1,81.9368,0.03625
2,586,1,81.9694,0.03626
2,587,1,82.0019,0.03627
2,588,1,82.0345,0.03627
2,589,1,82.067,0.03628
2,590,1,82.0994,0.03629
2,591,1,82.1319,0.0363
2,592,1,82.1643,0.0363
2,593,1,82.1967,0.03631
2,594,1,82.2291,0.03632
2,595,1,82.2614,0.03633
2,596,1,82.2938,0.03633
2,597,1,82.3261,0.03634
2,598,1,82.3583,0.03635
2,599,1,82.3906,0.03636
2,600,1,82.4228,0.03636
2,601,1,82.455,0.03637
2,602,1,82.4872,0.03638
2,603,1,82.5193,0.03639
2,604,1,82.5514,0.03639
2,605,1,82.5835,0.0364
2,606,1,82.6156,0.03641
2,607,1,82.6476,0.03642
2,608,1,82.6796,0.03642
2,609,1,82.7116,0.03643
2,610,1,82.7436,0.03644
2,611,1,82.7755,0.03645
2,612,1,82.8074,0.03645
2,613,1,82.8393,0.03646
2,614,1,82.8712,0.03647
2,615,1,82.903,0.03648
2,616,1,82.9348,0.03648
2,617,1,82.9666,0.03649
2,618,1,82.9984,0.0365
2,619,1,83.0301,0.0365
2,620,1,83.0618,0.03651
2,621,1,83.0935,0.03652
2,622,1,83.1251,0.03653
2,623,1,83.1568,0.03653
2,624,1,83.1884,0.03654
2,625,1,83.22,0.03655
2,626,1,83.2515,0.03656
2,627,1,83.2831,0.03656
2,628,1,83.3146,0.03657
2,629,1,83.3461,0.03658
2,630,1,83.3775,0.03659
2,631,1,83.4089,0.03659
2,632,1,83.4403,0.0366
2,633,1,83.4717,0.03661
2,634,1,83.5031,0.03662
2,635,1,83.5344,0.03662
2,636,1,83.5657,0.03663
2,637,1,83.597,0.03664
2,638,1,83.6283,0.03665
2,639,1,83.6595,0.03665
2,640,1,83.6907,0.03666
2,641,1,83.7219,0.03667
2,642,1,83.753,0.03668
2,643,1,83.7842,0.03668
2,644,1,83.8153,0.03669
2,645,1,83.8464,0.0367
2,646,1,83.8774,0.03671
2,647,1,83.9085,0.03671
2,648,1,83.9395,0.03672
2,649,1,83.9705,0.03673
2,650,1,84.0014,0.03674
2,651,1,84.0324,0.03674
2,652,1,84.0633,0.03675
2,653,1,84.0941,0.03676
2,654,1,84.125,0.03677
2,655,1,84.1558,0.03677
2,656,1,84.1867,0.03678
2,657,1,84.2174,0.03679
2,658,1,84.2482,0.0368
2,659,1,84.2789,0.0368
2,660,1,84.3096,0.03681
2,661,1,84.3403,0.03682
2,662,1,84.371,0.03683
2,663,1,84.4016,0.03683
2,664,1,84.4323,0.03684
2,665,1,84.4628,0.03685
2,666,1,84.4934,0.03686
2,667,1,84.5239,0.03686
2,668,1,84.5545,0.03687
2,669,1,84.585,0.03688
2,670,1,84.6154,0.03689
2,671,1,84.6459,0.03689
2,672,1,84.6763,0.0369
2,673,1,84.7067,0.03691
2,674,1,84.737,0.03692
2,675,1,84.7674,0.03692
2,676,1,84.7977,0.03693
2,677,1,84.828,0.03694
2,678,1,84.8583,0.03695
2,679,1,84.8885,0.03695
2,680,1,84.9188,0.03696
2,681,1,84.949,0.03697
2,682,1,84.9791,0.03698
2,683,1,85.0093,0.03698
2,684,1,85.0394,0.03699
2,685,1,85.0695,0.037
2,686,1,85.0996,0.03701
2,687,1,85.1297,0.03701
2,688,1,85.1597,0.03702
2,689,1,85.1897,0.03703
2,690,1,85.2197,0.03704
2,691,1,85.2497,0.03704
2,692,1,85.2796,0.03705
2,693,1,85.3096,0.03706
2,694,1,85.3395,0.03706
2,695,1,85.3693,0.03707
2,696,1,85.3992,0.03708
2,697,1,85.429,0.03709
2,698,1,85.4588,0.03709
2,699,1,85.4886,0.0371
2,700,1,85.5184,0.03711
2,701,1,85.5481,0.03712
2,702,1,85.5778,0.03712
2,703,1,85.6075,0.03713
2,704,1,85.6372,0.03714
2,705,1,85.6668,0.03715
2,706,1,85.6964,0.03715
2,707,1,85.726,0.03716
2,708,1,85.7556,0.03717
2,709,1,85.7852,0.03718
2,710,1,85.8147,0.03718
2,711,1,85.8442,0.03719
2,712,1,85.8737,0.0372
2,713,1,85.9032,0.03721
2,714,1,85.9326,0.03721
2,715,1,85.9621,0.03722
2,716,1,85.9915,0.03723
2,717,1,86.0208,0.03724
2,718,1,86.0502,0.03724
2,719,1,86.0795,0.03725
2,720,1,86.1089,0.03726
2,721,1,86.1381,0.03727
2,722,1,86.1674,0.03727
2,723,1,86.1967,0.03728
2,724,1,86.2259,0.03729
2,725,1,86.2551,0.03729
2,726,1,86.2843,0.0373
2,727,1,86.3134,0.03731
2,728,1,86.3426,0.03732
2,729,1,86.3717,0.03732
2,730,1,86.4008,0.03733
2,731,1,85.7299,0.03764
2,732,1,85.7589,0.03765
2,733,1,85.788,0.03766
2,734,1,85.817,0.03767
2,735,1,85.846,0.03767
2,736,1,85.8749,0.03768
2,737,1,85.9039,0.03769
2,738,1,85.9328,0.0377
2,739,1,85.9617,0.0377
2,740,1,85.9906,0.03771
2,741,1,86.0194,0.03772
2,742,1,86.0483,0.03772
2,743,1,86.0771,0.03773
2,744,1,86.1059,0.03774
2,745,1,86.1347,0.03775
2,746,1,86.1634,0.03775
2,747,1,86.1921,0.03776
2,748,1,86.2209,0.03777
2,749,1,86.2495,0.03778
2,750,1,86.2782,0.03778
2,751,1,86.3069,0.03779
2,752,1,86.3355,0.0378
2,753,1,86.3641,0.0378
2,754,1,86.3927,0.03781
2,755,1,86.4212,0.03782
2,756,1,86.4498,0.03783
2,757,1,86.4783,0.03783
2,758,1,86.5068,0.03784
2,759,1,86.5353,0.03785
2,760,1,86.5638,0.03786
2,761,1,86.5922,0.03786
2,762,1,86.6206,0.03787
2,763,1,86.649,0.03788
2,764,1,86.6774,0.03788
2,765,1,86.7057,0.03789
2,766,1,86.7341,0.0379
2,767,1,86.7624,0.03791
2,768,1,86.7907,0.03791
2,769,1,86.819,0.03792
2,770,1,86.8472,0.03793
2,771,1,86.8754,0.03794
2,772,1,86.9037,0.03794
2,773,1,86.9319,0.03795
2,774,1,86.96,0.03796
2,775,1,86.9882,0.03796
2,776,1,87.0163,0.03797
2,777,1,87.0444,0.03798
2,778,1,87.0725,0.03799
2,779,1,87.1006,0.03799
2,780,1,87.1286,0.038
2,781,1,87.1567,0.03801
2,782,1,87.1847,0.03801
2,783,1,87.2126,0.03802
2,784,1,87.2406,0.03803
2,785,1,87.2686,0.03804
2,786,1,87.2965,0.03804
2,787,1,87.3244,0.03805
2,788,1,87.3523,0.03806
2,789,1,87.3801,0.03806
2,790,1,87.408,0.03807
2,791,1,87.4358,0.03808
2,792,1,87.4636,0.03809
2,793,1,87.4914,0.03809
2,794,1,87.5192,0.0381
2,795,1,87.5469,0.03811
2,796,1,87.5746,0.03812
2,797,1,87.6023,0.03812
2,798,1,87.63,0.03813
2,799,1,87.6577,0.03814
2,800,1,87.6853,0.03814
2,801,1,87.7129,0.03815
2,802,1,87.7405,0.03816
2,803,1,87.7681,0.03817
2,804,1,87.7956,0.03817
2,805,1,87.8232,0.03818
2,806,1,87.8507,0.03819
2,807,1,87.8782,0.03819
2,808,1,87.9056,0.0382
2,809,1,87.9331,0.03821
2,810,1,87.9605,0.03821
2,811,1,87.9879,0.03822
2,812,1,88.0153,0.03823
2,813,1,88.0427,0.03824
2,814,1,88.07,0.03824
2,815,1,88.0974,0.03825
2,816,1,88.1247,0.03826
2,817,1,88.1519,0.03826
2,818,1,88.1792,0.03827
2,819,1,88.2065,0.03828
2,820,1,88.2337,0.03829
2,821,1,88.2609,0.03829
2,822,1,88.2881,0.0383
2,823,1,88.3152,0.03831
2,824,1,88.3423,0.03831
2,825,1,88.3695,0.03832
2,826,1,88.3966,0.03833
2,827,1,88.4236,0.03834
2,828,1,88.4507,0.03834
2,829,1,88.4777,0.03835
2,830,1,88.5047,0.03836
2,831,1,88.5317,0.03836
2,832,1,88.5587,0.03837
2,833,1,88.5856,0.03838
2,834,1,88.6126,0.03838
2,835,1,88.6395,0.03839
2,836,1,88.6664,0.0384
2,837,1,88.6932,0.03841
2,838,1,88.7201,0.03841
2,839,1,88.7469,0.03842
2,840,1,88.7737,0.03843
2,841,1,88.8005,0.03843
2,842,1,88.8273,0.03844
2,843,1,88.854,0.03845
2,844,1,88.8807,0.03845
2,845,1,88.9074,0.03846
2,846,1,88.9341,0.03847
2,847,1,88.9608,0.03848
2,848,1,88.9874,0.03848
2,849,1,89.014,0.03849
2,850,1,89.0406,0.0385
2,851,1,89.0672,0.0385
2,852,1,89.0938,0.03851
2,853,1,89.1203,0.03852
2,854,1,89.1468,0.03852
2,855,1,89.1733,0.03853
2,856,1,89.1998,0.03854
2,857,1,89.2263,0.03855
2,858,1,89.2527,0.03855
2,859,1,89.2791,0.03856
2,860,1,89.3055,0.03857
2,861,1,89.3319,0.03857
2,862,1,89.3583,0.03858
2,863,1,89.3846,0.03859
2,864,1,89.4109,0.03859
2,865,1,89.4372,0.0386
2,866,1,89.4635,0.03861
2,867,1,89.4898,0.03861
2,868,1,89.516,0.03862
2,869,1,89.5422,0.03863
2,870,1,89.5684,0.03864
2,871,1,89.5946,0.03864
2,872,1,89.6208,0.03865
2,873,1,89.6469,0.03866
2,874,1,89.673,0.03866
2,875,1,89.6991,0.03867
2,876,1,89.7252,0.03868
2,877,1,89.7513,0.03868
2,878,1,89.7773,0.03869
2,879,1,89.8033,0.0387
2,880,1,89.8293,0.0387
2,881,1,89.8553,0.03871
2,882,1,89.8813,0.03872
2,883,1,89.9072,0.03872
2,884,1,89.9331,0.03873
2,885,1,89.9591,0.03874
2,886,1,89.9849,0.03874
2,887,1,90.0108,0.03875
2,888,1,90.0366,0.03876
2,889,1,90.0625,0.03877
2,890,1,90.0883,0.03877
2,891,1,90.1141,0.03878
2,892,1,90.1398,0.03879
2,893,1,90.1656,0.03879
2,894,1,90.1913,0.0388
2,895,1,90.217,0.03881
2,896,1,90.2427,0.03881
2,897,1,90.2684,0.03882
2,898,1,90.294,0.03883
2,899,1,90.3197,0.03883
2,900,1,90.3453,0.03884
2,901,1,90.3709,0.03885
2,902,1,90.3965,0.03885
2,903,1,90.422,0.03886
2,904,1,90.4476,0.03887
2,905,1,90.4731,0.03887
2,906,1,90.4986,0.03888
2,907,1,90.524,0.03889
2,908,1,90.5495,0.03889
2,909,1,90.575,0.0389
2,910,1,90.6004,0.03891
2,911,1,90.6258,0.03891
2,912,1,90.6512,0.03892
2,913,1,90.6765,0.03893
2,914,1,90.7019,0.03893
2,915,1,90.7272,0.03894
2,916,1,90.7525,0.03895
2,917,1,90.7778,0.03895
2,918,1,90.8031,0.03896
2,919,1,90.8283,0.03897
2,920,1,90.8536,0.03897
2,921,1,90.8788,0.03898
2,922,1,90.904,0.03899
2,923,1,90.9292,0.03899
2,924,1,90.9544,0.039
2,925,1,90.9795,0.03901
2,926,1,91.0046,0.03901
2,927,1,91.0297,0.03902
2,928,1,91.0548,0.03903
2,929,1,91.0799,0.03903
2,930,1,91.105,0.03904
2,931,1,91.13,0.03905
2,932,1,91.155,0.03905
2,933,1,91.18,0.03906
2,934,1,91.205,0.03907
2,935,1,91.23,0.03907
2,936,1,91.2549,0.03908
2,937,1,91.2799,0.03909
2,938,1,91.3048,0.03909
2,939,1,91.3297,0.0391
2,940,1,91.3545,0.03911
2,941,1,91.3794,0.03911
2,942,1,91.4043,0.03912
2,943,1,91.4291,0.03913
2,944,1,91.4539,0.03913
2,945,1,91.4787,0.03914
2,946,1,91.5035,0.03915
2,947,1,91.5282,0.03915
2,948,1,91.553,0.03916
2,949,1,91.5777,0.03917
2,950,1,91.6024,0.03917
2,951,1,91.6271,0.03918
2,952,1,91.6518,0.03918
2,953,1,91.6764,0.03919
2,954,1,91.7011,0.0392
2,955,1,91.7257,0.0392
2,956,1,91.7503,0.03921
2,957,1,91.7749,0.03922
2,958,1,91.7995,0.03922
2,959,1,91.8241,0.03923
2,960,1,91.8486,0.03924
2,961,1,91.8731,0.03924
2,962,1,91.8976,0.03925
2,963,1,91.9221,0.03926
2,964,1,91.9466,0.03926
2,965,1,91.9711,0.03927
2,966,1,91.9955,0.03928
2,967,1,92.02,0.03928
2,968,1,92.0444,0.03929
2,969,1,92.0688,0.03929
2,970,1,92.0932,0.0393
2,971,1,92.1175,0.03931
2,972,1,92.1419,0.03931
2,973,1,92.1662,0.03932
2,974,1,92.1906,0.03933
2,975,1,92.2149,0.03933
2,976,1,92.2392,0.03934
2,977,1,92.2635,0.03935
2,978,1,92.2877,0.03935
2,979,1,92.312,0.03936
2,980,1,92.3362,0.03936
2,981,1,92.3604,0.03937
2,982,1,92.3846,0.03938
2,983,1,92.4088,0.03938
2,984,1,92.433,0.03939
2,985,1,92.4572,0.0394
2,986,1,92.4813,0.0394
2,987,1,92.5054,0.03941
2,988,1,92.5295,0.03942
2,989,1,92.5536,0.03942
2,990,1,92.5777,0.03943
2,991,1,92.6018,0.03943
2,992,1,92.6259,0.03944
2,993,1,92.6499,0.03945
2,994,1,92.6739,0.03945
2,995,1,92.698,0.03946
2,996,1,92.722,0.03947
2,997,1,92.7459,0.03947
2,998,1,92.7699,0.03948
2,999,1,92.7939,0.03948
2,1000,1,92.8178,0.03949
2,1001,1,92.8418,0.0395
2,1002,1,92.8657,0.0395
2,1003,1,92.8896,0.03951
2,1004,1,92.9135,0.03952
2,1005,1,92.9373,0.03952
2,1006,1,92.9612,0.03953
2,1007,1,92.985,0.03953
2,1008,1,93.0089,0.03954
2,1009,1,93.0327,0.03955
2,1010,1,93.0565,0.03955
2,1011,1,93.0803,0.03956
2,1012,1,93.1041,0.03957
2,1013,1,93.1278,0.03957
2,1014,1,93.1516,0.03958
2,1015,1,93.1753,0.03958
2,1016,1,93.1991,0.03959
2,1017,1,93.2228,0.0396
2,1018,1,93.2465,0.0396
2,1019,1,93.2702,0.03961
2,1020,1,93.2938,0.03961
2,1021,1,93.3175,0.03962
2,1022,1,93.3411,0.03963
2,1023,1,93.3648,0.03963
2,1024,1,93.3884,0.03964
2,1025,1,93.412,0.03964
2,1026,1,93.4356,0.03965
2,1027,1,93.4592,0.03966
2,1028,1,93.4827,0.03966
2,1029,1,93.5063,0.03967
2,1030,1,93.5298,0.03968
2,1031,1,93.5534,0.03968
2,1032,1,93.5769,0.03969
2,1033,1,93.6004,0.03969
2,1034,1,93.6239,0.0397
2,1035,1,93.6473,0.03971
2,1036,1,93.6708,0.03971
2,1037,1,93.6943,0.03972
2,1038,1,93.7177,0.03972
2,1039,1,93.7411,0.03973
2,1040,1,93.7646,0.03974
2,1041,1,93.788,0.03974
2,1042,1,93.8113,0.03975
2,1043,1,93.8347,0.03975
2,1044,1,93.8581,0.03976
2,1045,1,93.8814,0.03977
2,1046,1,93.9048,0.03977
2,1047,1,93.9281,0.03978
2,1048,1,93.9514,0.03978
2,1049,1,93.9747,0.03979
2,1050,1,93.998,0.0398
2,1051,1,94.0213,0.0398
2,1052,1,94.0446,0.03981
2,1053,1,94.0678,0.03981
2,1054,1,94.0911,0.03982
2,1055,1,94.1143,0.03983
2,1056,1,94.1376,0.03983
2,1057,1,94.1608,0.03984
2,1058,1,94.184,0.03984
2,1059,1,94.2071,0.03985
2,1060,1,94.2303,0.03986
2,1061,1,94.2535,0.03986
2,1062,1,94.2766,0.03987
2,1063,1,94.2998,0.03987
2,1064,1,94.3229,0.03988
2,1065,1,94.346,0.03989
2,1066,1,94.3691,0.03989
2,1067,1,94.3922,0.0399
2,1068,1,94.4153,0.0399
2,1069,1,94.4384,0.03991
2,1070,1,94.4615,0.03991
2,1071,1,94.4845,0.03992
2,1072,1,94.5075,0.03993
2,1073,1,94.5306,0.03993
2,1074,1,94.5536,0.03994
2,1075,1,94.5766,0.03994
2,1076,1,94.5996,0.03995
2,1077,1,94.6226,0.03996
2,1078,1,94.6455,0.03996
2,1079,1,94.6685,0.03997
2,1080,1,94.6914,0.03997
2,1081,1,94.7144,0.03998
2,1082,1,94.7373,0.03999
2,1083,1,94.7602,0.03999
2,1084,1,94.7831,0.04
2,1085,1,94.806,0.04
2,1086,1,94.8289,0.04001
2,1087,1,94.8518,0.04001
2,1088,1,94.8747,0.04002
2,1089,1,94.8975,0.04003
2,1090,1,94.9203,0.04003
2,1091,1,94.9432,0.04004
2,1092,1,94.966,0.04004
2,1093,1,94.9888,0.04005
2,1094,1,95.0116,0.04005
2,1095,1,95.0344,0.04006
2,1096,1,95.0572,0.04007
2,1097,1,95.0799,0.04007
2,1098,1,95.1027,0.04008
2,1099,1,95.1254,0.04008
2,1100,1,95.1482,0.04009
2,1101,1,95.1709,0.04009
2,1102,1,95.1936,0.0401
2,1103,1,95.2163,0.04011
2,1104,1,95.239,0.04011
2,1105,1,95.2617,0.04012
2,1106,1,95.2844,0.04012
2,1107,1,95.307,0.04013
2,1108,1,95.3297,0.04013
2,1109,1,95.3523,0.04014
2,1110,1,95.375,0.04015
2,1111,1,95.3976,0.04015
2,1112,1,95.4202,0.04016
2,1113,1,95.4428,0.04016
2,1114,1,95.4654,0.04017
2,1115,1,95.488,0.04017
2,1116,1,95.5105,0.04018
2,1117,1,95.5331,0.04019
2,1118,1,95.5556,0.04019
2,1119,1,95.5782,0.0402
2,1120,1,95.6007,0.0402
2,1121,1,95.6232,0.04021
2,1122,1,95.6457,0.04021
2,1123,1,95.6682,0.04022
2,1124,1,95.6907,0.04023
2,1125,1,95.7132,0.04023
2,1126,1,95.7356,0.04024
2,1127,1,95.7581,0.04024
2,1128,1,95.7805,0.04025
2,1129,1,95.803,0.04025
2,1130,1,95.8254,0.04026
2,1131,1,95.8478,0.04026
2,1132,1,95.8702,0.04027
2,1133,1,95.8926,0.04028
2,1134,1,95.915,0.04028
2,1135,1,95.9374,0.04029
2,1136,1,95.9597,0.04029
2,1137,1,95.9821,0.0403
2,1138,1,96.0044,0.0403
2,1139,1,96.0268,0.04031
2,1140,1,96.0491,0.04032
2,1141,1,96.0714,0.04032
2,1142,1,96.0937,0.04033
2,1143,1,96.116,0.04033
2,1144,1,96.1383,0.04034
2,1145,1,96.1606,0.04034
2,1146,1,96.1828,0.04035
2,1147,1,96.2051,0.04035
2,1148,1,96.2273,0.04036
2,1149,1,96.2495,0.04036
2,1150,1,96.2718,0.04037
2,1151,1,96.294,0.04038
2,1152,1,96.3162,0.04038
2,1153,1,96.3384,0.04039
2,1154,1,96.3606,0.04039
2,1155,1,96.3827,0.0404
2,1156,1,96.4049,0.0404
2,1157,1,96.427,0.04041
2,1158,1,96.4492,0.04041
2,1159,1,96.4713,0.04042
2,1160,1,96.4934,0.04043
2,1161,1,96.5156,0.04043
2,1162,1,96.5377,0.04044
2,1163,1,96.5598,0.04044
2,1164,1,96.5818,0.04045
2,1165,1,96.6039,0.04045
2,1166,1,96.626,0.04046
2,1167,1,96.648,0.04046
2,1168,1,96.6701,0.04047
2,1169,1,96.6921,0.04047
2,1170,1,96.7141,0.04048
2,1171,1,96.7362,0.04049
2,1172,1,96.7582,0.04049
2,1173,1,96.7802,0.0405
2,1174,1,96.8021,0.0405
2,1175,1,96.8241,0.04051
2,1176,1,96.8461,0.04051
2,1177,1,96.868,0.04052
2,1178,1,96.89,0.04052
2,1179,1,96.9119,0.04053
2,1180,1,96.9339,0.04053
2,1181,1,96.9558,0.04054
2,1182,1,96.9777,0.04054
2,1183,1,96.9996,0.04055
2,1184,1,97.0215,0.04056
2,1185,1,97.0434,0.04056
2,1186,1,97.0652,0.04057
2,1187,1,97.0871,0.04057
2,1188,1,97.1089,0.04058
2,1189,1,97.1308,0.04058
2,1190,1,97.1526,0.04059
2,1191,1,97.1744,0.04059
2,1192,1,97.1963,0.0406
2,1193,1,97.2181,0.0406
2,1194,1,97.2399,0.04061
2,1195,1,97.2616,0.04061
2,1196,1,97.2834,0.04062
2,1197,1,97.3052,0.04063
2,1198,1,97.3269,0.04063
2,1199,1,97.3487,0.04064
2,1200,1,97.3704,0.04064
2,1201,1,97.3922,0.04065
2,1202,1,97.4139,0.04065
2,1203,1,97.4356,0.04066
2,1204,1,97.4573,0.04066
2,1205,1,97.479,0.04067
2,1206,1,97.5007,0.04067
2,1207,1,97.5223,0.04068
2,1208,1,97.544,0.04068
2,1209,1,97.5657,0.04069
2,1210,1,97.5873,0.04069
2,1211,1,97.6089,0.0407
2,1212,1,97.6306,0.0407
2,1213,1,97.6522,0.04071
2,1214,1,97.6738,0.04072
2,1215,1,97.6954,0.04072
2,1216,1,97.717,0.04073
2,1217,1,97.7385,0.04073
2,1218,1,97.7601,0.04074
2,1219,1,97.7817,0.04074
2,1220,1,97.8032,0.04075
2,1221,1,97.8248,0.04075
2,1222,1,97.8463,0.04076
2,1223,1,97.8678,0.04076
2,1224,1,97.8893,0.04077
2,1225,1,97.9108,0.04077
2,1226,1,97.9323,0.04078
2,1227,1,97.9538,0.04078
2,1228,1,97.9753,0.04079
2,1229,1,97.9968,0.04079
2,1230,1,98.0182,0.0408
2,1231,1,98.0397,0.0408
2,1232,1,98.0611,0.04081
2,1233,1,98.0825,0.04081
2,1234,1,98.1039,0.04082
2,1235,1,98.1253,0.04082
2,1236,1,98.1467,0.04083
2,1237,1,98.1681,0.04084
2,1238,1,98.1895,0.04084
2,1239,1,98.2109,0.04085
2,1240,1,98.2322,0.04085
2,1241,1,98.2536,0.04086
2,1242,1,98.2749,0.04086
2,1243,1,98.2963,0.04087
2,1244,1,98.3176,0.04087
2,1245,1,98.3389,0.04088
2,1246,1,98.3602,0.04088
2,1247,1,98.3815,0.04089
2,1248,1,98.4028,0.04089
2,1249,1,98.4241,0.0409
2,1250,1,98.4453,0.0409
2,1251,1,98.4666,0.04091
2,1252,1,98.4878,0.04091
2,1253,1,98.5091,0.04092
2,1254,1,98.5303,0.04092
2,1255,1,98.5515,0.04093
2,1256,1,98.5727,0.04093
2,1257,1,98.5939,0.04094
2,1258,1,98.6151,0.04094
2,1259,1,98.6363,0.04095
2,1260,1,98.6575,0.04095
2,1261,1,98.6786,0.04096
2,1262,1,98.6998,0.04096
2,1263,1,98.7209,0.04097
2,1264,1,98.7421,0.04097
2,1265,1,98.7632,0.04098
2,1266,1,98.7843,0.04098
2,1267,1,98.8054,0.04099
2,1268,1,98.8265,0.04099
2,1269,1,98.8476,0.041
2,1270,1,98.8687,0.041
2,1271,1,98.8897,0.04101
2,1272,1,98.9108,0.04101
2,1273,1,98.9318,0.04102
2,1274,1,98.9529,0.04103
2,1275,1,98.9739,0.04103
2,1276,1,98.9949,0.04104
2,1277,1,99.0159,0.04104
2,1278,1,99.0369,0.04105
2,1279,1,99.0579,0.04105
2,1280,1,99.0789,0.04106
2,1281,1,99.0999,0.04106
2,1282,1,99.1208,0.04107
2,1283,1,99.1418,0.04107
2,1284,1,99.1628,0.04108
2,1285,1,99.1837,0.04108
2,1286,1,99.2046,0.04109
2,1287,1,99.2255,0.04109
2,1288,1,99.2464,0.0411
2,1289,1,99.2673,0.0411
2,1290,1,99.2882,0.04111
2,1291,1,99.3091,0.04111
2,1292,1,99.33,0.04112
2,1293,1,99.3509,0.04112
2,1294,1,99.3717,0.04113
2,1295,1,99.3926,0.04113
2,1296,1,99.4134,0.04114
2,1297,1,99.4342,0.04114
2,1298,1,99.455,0.04115
2,1299,1,99.4758,0.04115
2,1300,1,99.4966,0.04116
2,1301,1,99.5174,0.04116
2,1302,1,99.5382,0.04117
2,1303,1,99.559,0.04117
2,1304,1,99.5798,0.04118
2,1305,1,99.6005,0.04118
2,1306,1,99.6212,0.04119
2,1307,1,99.642,0.04119
2,1308,1,99.6627,0.0412
2,1309,1,99.6834,0.0412
2,1310,1,99.7041,0.04121
2,1311,1,99.7248,0.04121
2,1312,1,99.7455,0.04122
2,1313,1,99.7662,0.04122
2,1314,1,99.7869,0.04123
2,1315,1,99.8075,0.04123
2,1316,1,99.8282,0.04124
2,1317,1,99.8488,0.04124
2,1318,1,99.8695,0.04125
2,1319,1,99.8901,0.04125
2,1320,1,99.9107,0.04126
2,1321,1,99.9313,0.04126
2,1322,1,99.9519,0.04126
2,1323,1,99.9725,0.04127
2,1324,1,99.9931,0.04127
2,1325,1,100.0137,0.04128
2,1326,1,100.0342,0.04128
2,1327,1,100.0548,0.04129
2,1328,1,100.0753,0.04129
2,1329,1,100.0959,0.0413
2,1330,1,100.1164,0.0413
2,1331,1,100.1369,0.04131
2,1332,1,100.1574,0.04131
2,1333,1,100.1779,0.04132
2,1334,1,100.1984,0.04132
2,1335,1,100.2189,0.04133
2,1336,1,100.2394,0.04133
2,1337,1,100.2598,0.04134
2,1338,1,100.2803,0.04134
2,1339,1,100.3007,0.04135
2,1340,1,100.3212,0.04135
2,1341,1,100.3416,0.04136
2,1342,1,100.362,0.04136
2,1343,1,100.3824,0.04137
2,1344,1,100.4028,0.04137
2,1345,1,100.4232,0.04138
2,1346,1,100.4436,0.04138
2,1347,1,100.464,0.04139
2,1348,1,100.4843,0.04139
2,1349,1,100.5047,0.0414
2,1350,1,100.525,0.0414
2,1351,1,100.5454,0.04141
2,1352,1,100.5657,0.04141
2,1353,1,100.586,0.04142
2,1354,1,100.6063,0.04142
2,1355,1,100.6266,0.04143
2,1356,1,100.6469,0.04143
2,1357,1,100.6672,0.04144
2,1358,1,100.6875,0.04144
2,1359,1,100.7077,0.04145
2,1360,1,100.728,0.04145
2,1361,1,100.7482,0.04146
2,1362,1,100.7685,0.04146
2,1363,1,100.7887,0.04146
2,1364,1,100.8089,0.04147
2,1365,1,100.8291,0.04147
2,1366,1,100.8493,0.04148
2,1367,1,100.8695,0.04148
2,1368,1,100.8897,0.04149
2,1369,1,100.9099,0.04149
2,1370,1,100.9301,0.0415
2,1371,1,100.9502,0.0415
2,1372,1,100.9704,0.04151
2,1373,1,100.9905,0.04151
2,1374,1,101.0107,0.04152
2,1375,1,101.0308,0.04152
2,1376,1,101.0509,0.04153
2,1377,1,101.071,0.04153
2,1378,1,101.0911,0.04154
2,1379,1,101.1112,0.04154
2,1380,1,101.1313,0.04155
2,1381,1,101.1514,0.04155
2,1382,1,101.1714,0.04156
2,1383,1,101.1915,0.04156
2,1384,1,101.2115,0.04157
2,1385,1,101.2316,0.04157
2,1386,1,101.2516,0.04158
2,1387,1,101.2716,0.04158
2,1388,1,101.2917,0.04158
2,1389,1,101.3117,0.04159
2,1390,1,101.3317,0.04159
2,1391,1,101.3517,0.0416
2,1392,1,101.3716,0.0416
2,1393,1,101.3916,0.04161
2,1394,1,101.4116,0.04161
2,1395,1,101.4315,0.04162
2,1396,1,101.4515,0.04162
2,1397,1,101.4714,0.04163
2,1398,1,101.4914,0.04163
2,1399,1,101.5113,0.04164
2,1400,1,101.5312,0.04164
2,1401,1,101.5511,0.04165
2,1402,1,101.571,0.04165
2,1403,1,101.5909,0.04166
2,1404,1,101.6108,0.04166
2,1405,1,101.6306,0.04167
2,1406,1,101.6505,0.04167
2,1407,1,101.6704,0.04167
2,1408,1,101.6902,0.04168
2,1409,1,101.7101,0.04168
2,1410,1,101.7299,0.04169
2,1411,1,101.7497,0.04169
2,1412,1,101.7695,0.0417
2,1413,1,101.7893,0.0417
2,1414,1,101.8091,0.04171
2,1415,1,101.8289,0.04171
2,1416,1,101.8487,0.04172
2,1417,1,101.8685,0.04172
2,1418,1,101.8883,0.04173
2,1419,1,101.908,0.04173
2,1420,1,101.9278,0.04174
2,1421,1,101.9475,0.04174
2,1422,1,101.9673,0.04175
2,1423,1,101.987,0.04175
2,1424,1,102.0067,0.04175
2,1425,1,102.0264,0.04176
2,1426,1,102.0461,0.04176
2,1427,1,102.0658,0.04177
2,1428,1,102.0855,0.04177
2,1429,1,102.1052,0.04178
2,1430,1,102.1249,0.04178
2,1431,1,102.1446,0.04179
2,1432,1,102.1642,0.04179
2,1433,1,102.1839,0.0418
2,1434,1,102.2035,0.0418
2,1435,1,102.2232,0.04181
2,1436,1,102.2428,0.04181
2,1437,1,102.2624,0.04181
2,1438,1,102.282,0.04182
2,1439,1,102.3016,0.04182
2,1440,1,102.3212,0.04183
2,1441,1,102.3408,0.04183
2,1442,1,102.3604,0.04184
2,1443,1,102.38,0.04184
2,1444,1,102.3996,0.04185
2,1445,1,102.4191,0.04185
2,1446,1,102.4387,0.04186
2,1447,1,102.4582,0.04186
2,1448,1,102.4778,0.04187
2,1449,1,102.4973,0.04187
2,1450,1,102.5168,0.04187
2,1451,1,102.5364,0.04188
2,1452,1,102.5559,0.04188
2,1453,1,102.5754,0.04189
2,1454,1,102.5949,0.04189
2,1455,1,102.6144,0.0419
2,1456,1,102.6338,0.0419
2,1457,1,102.6533,0.04191
2,1458,1,102.6728,0.04191
2,1459,1,102.6923,0.04192
2,1460,1,102.7117,0.04192
2,1461,1,102.7312,0.04193
2,1462,1,102.7506,0.04193
2,1463,1,102.77,0.04193
2,1464,1,102.7895,0.04194
2,1465,1,102.8089,0.04194
2,1466,1,102.8283,0.04195
2,1467,1,102.8477,0.04195
2,1468,1,102.8671,0.04196
2,1469,1,102.8865,0.04196
2,1470,1,102.9059,0.04197
2,1471,1,102.9252,0.04197
2,1472,1,102.9446,0.04198
2,1473,1,102.964,0.04198
2,1474,1,102.9833,0.04198
2,1475,1,103.0027,0.04199
2,1476,1,103.022,0.04199
2,1477,1,103.0414,0.042
2,1478,1,103.0607,0.042
2,1479,1,103.08,0.04201
2,1480,1,103.0993,0.04201
2,1481,1,103.1186,0.04202
2,1482,1,103.1379,0.04202
2,1483,1,103.1572,0.04203
2,1484,1,103.1765,0.04203
2,1485,1,103.1958,0.04203
2,1486,1,103.2151,0.04204
2,1487,1,103.2343,0.04204
2,1488,1,103.2536,0.04205
2,1489,1,103.2728,0.04205
2,1490,1,103.2921,0.04206
2,1491,1,103.3113,0.04206
2,1492,1,103.3306,0.04207
2,1493,1,103.3498,0.04207
2,1494,1,103.369,0.04208
2,1495,1,103.3882,0.04208
2,1496,1,103.4074,0.04208
2,1497,1,103.4266,0.04209
2,1498,1,103.4458,0.04209
2,1499,1,103.465,0.0421
2,1500,1,103.4842,0.0421
2,1501,1,103.5034,0.04211
2,1502,1,103.5225,0.04211
2,1503,1,103.5417,0.04212
2,1504,1,103.5608,0.04212
2,1505,1,103.58,0.04212
2,1506,1,103.5991,0.04213
2,1507,1,103.6183,0.04213
2,1508,1,103.6374,0.04214
2,1509,1,103.6565,0.04214
2,1510,1,103.6756,0.04215
2,1511,1,103.6947,0.04215
2,1512,1,103.7138,0.04216
2,1513,1,103.7329,0.04216
2,1514,1,103.752,0.04216
2,1515,1,103.7711,0.04217
2,1516,1,103.7902,0.04217
2,1517,1,103.8092,0.04218
2,1518,1,103.8283,0.04218
2,1519,1,103.8473,0.04219
2,1520,1,103.8664,0.04219
2,1521,1,103.8854,0.0422
2,1522,1,103.9045,0.0422
2,1523,1,103.9235,0.0422
2,1524,1,103.9425,0.04221
2,1525,1,103.9616,0.04221
2,1526,1,103.9806,0.04222
2,1527,1,103.9996,0.04222
2,1528,1,104.0186,0.04223
2,1529,1,104.0376,0.04223
2,1530,1,104.0565,0.04224
2,1531,1,104.0755,0.04224
2,1532,1,104.0945,0.04224
2,1533,1,104.1135,0.04225
2,1534,1,104.1324,0.04225
2,1535,1,104.1514,0.04226
2,1536,1,104.1703,0.04226
2,1537,1,104.1893,0.04227
2,1538,1,104.2082,0.04227
2,1539,1,104.2271,0.04227
2,1540,1,104.2461,0.04228
2,1541,1,104.265,0.04228
2,1542,1,104.2839,0.04229
2,1543,1,104.3028,0.04229
2,1544,1,104.3217,0.0423
2,1545,1,104.3406,0.0423
2,1546,1,104.3595,0.04231
2,1547,1,104.3784,0.04231
2,1548,1,104.3972,0.04231
2,1549,1,104.4161,0.04232
2,1550,1,104.435,0.04232
2,1551,1,104.4538,0.04233
2,1552,1,104.4727,0.04233
2,1553,1,104.4915,0.04234
2,1554,1,104.5104,0.04234
2,1555,1,104.5292,0.04234
2,1556,1,104.548,0.04235
2,1557,1,104.5668,0.04235
2,1558,1,104.5856,0.04236
2,1559,1,104.6045,0.04236
2,1560,1,104.6233,0.04237
2,1561,1,104.6421,0.04237
2,1562,1,104.6608,0.04238
2,1563,1,104.6796,0.04238
2,1564,1,104.6984,0.04238
2,1565,1,104.7172,0.04239
2,1566,1,104.736,0.04239
2,1567,1,104.7547,0.0424
2,1568,1,104.7735,0.0424
2,1569,1,104.7922,0.04241
2,1570,1,104.811,0.04241
2,1571,1,104.8297,0.04241
2,1572,1,104.8484,0.04242
2,1573,1,104.8672,0.04242
2,1574,1,104.8859,0.04243
2,1575,1,104.9046,0.04243
2,1576,1,104.9233,0.04244
2,1577,1,104.942,0.04244
2,1578,1,104.9607,0.04244
2,1579,1,104.9794,0.04245
2,1580,1,104.9981,0.04245
2,1581,1,105.0167,0.04246
2,1582,1,105.0354,0.04246
2,1583,1,105.0541,0.04247
2,1584,1,105.0727,0.04247
2,1585,1,105.0914,0.04247
2,1586,1,105.11,0.04248
2,1587,1,105.1287,0.04248
2,1588,1,105.1473,0.04249
2,1589,1,105.166,0.04249
2,1590,1,105.1846,0.0425
2,1591,1,105.2032,0.0425
2,1592,1,105.2218,0.0425
2,1593,1,105.2404,0.04251
2,1594,1,105.259,0.04251
2,1595,1,105.2776,0.04252
2,1596,1,105.2962,0.04252
2,1597,1,105.3148,0.04253
2,1598,1,105.3334,0.04253
2,1599,1,105.352,0.04253
2,1600,1,105.3705,0.04254
2,1601,1,105.3891,0.04254
2,1602,1,105.4076,0.04255
2,1603,1,105.4262,0.04255
2,1604,1,105.4447,0.04256
2,1605,1,105.4633,0.04256
2,1606,1,105.4818,0.04256
2,1607,1,105.5003,0.04257
2,1608,1,105.5189,0.04257
2,1609,1,105.5374,0.04258
2,1610,1,105.5559,0.04258
2,1611,1,105.5744,0.04259
2,1612,1,105.5929,0.04259
2,1613,1,105.6114,0.04259
2,1614,1,105.6299,0.0426
2,1615,1,105.6483,0.0426
2,1616,1,105.6668,0.04261
2,1617,1,105.6853,0.04261
2,1618,1,105.7037,0.04262
2,1619,1,105.7222,0.04262
2,1620,1,105.7406,0.04262
2,1621,1,105.7591,0.04263
2,1622,1,105.7775,0.04263
2,1623,1,105.796,0.04264
2,1624,1,105.8144,0.04264
2,1625,1,105.8328,0.04264
2,1626,1,105.8512,0.04265
2,1627,1,105.8696,0.04265
2,1628,1,105.888,0.04266
2,1629,1,105.9064,0.04266
2,1630,1,105.9248,0.04267
2,1631,1,105.9432,0.04267
2,1632,1,105.9616,0.04267
2,1633,1,105.98,0.04268
2,1634,1,105.9983,0.04268
2,1635,1,106.0167,0.04269
2,1636,1,106.0351,0.04269
2,1637,1,106.0534,0.0427
2,1638,1,106.0718,0.0427
2,1639,1,106.0901,0.0427
2,1640,1,106.1084,0.04271
2,1641,1,106.1268,0.04271
2,1642,1,106.1451,0.04272
2,1643,1,106.1634,0.04272
2,1644,1,106.1817,0.04272
2,1645,1,106.2,0.04273
2,1646,1,106.2183,0.04273
2,1647,1,106.2366,0.04274
2,1648,1,106.2549,0.04274
2,1649,1,106.2732,0.04275
2,1650,1,106.2915,0.04275
2,1651,1,106.3097,0.04275
2,1652,1,106.328,0.04276
2,1653,1,106.3463,0.04276
2,1654,1,106.3645,0.04277
2,1655,1,106.3828,0.04277
2,1656,1,106.401,0.04277
2,1657,1,106.4192,0.04278
2,1658,1,106.4375,0.04278
2,1659,1,106.4557,0.04279
2,1660,1,106.4739,0.04279
2,1661,1,106.4921,0.0428
2,1662,1,106.5103,0.0428
2,1663,1,106.5285,0.0428
2,1664,1,106.5467,0.04281
2,1665,1,106.5649,0.04281
2,1666,1,106.5831,0.04282
2,1667,1,106.6013,0.04282
2,1668,1,106.6195,0.04282
2,1669,1,106.6376,0.04283
2,1670,1,106.6558,0.04283
2,1671,1,106.6739,0.04284
2,1672,1,106.6921,0.04284
2,1673,1,106.7102,0.04285
2,1674,1,106.7284,0.04285
2,1675,1,106.7465,0.04285
2,1676,1,106.7646,0.04286
2,1677,1,106.7828,0.04286
2,1678,1,106.8009,0.04287
2,1679,1,106.819,0.04287
2,1680,1,106.8371,0.04287
2,1681,1,106.8552,0.04288
2,1682,1,106.8733,0.04288
2,1683,1,106.8914,0.04289
2,1684,1,106.9094,0.04289
2,1685,1,106.9275,0.04289
2,1686,1,106.9456,0.0429
2,1687,1,106.9636,0.0429
2,1688,1,106.9817,0.04291
2,1689,1,106.9998,0.04291
2,1690,1,107.0178,0.04292
2,1691,1,107.0358,0.04292
2,1692,1,107.0539,0.04292
2,1693,1,107.0719,0.04293
2,1694,1,107.0899,0.04293
2,1695,1,107.1079,0.04294
2,1696,1,107.126,0.04294
2,1697,1,107.144,0.04294
2,1698,1,107.162,0.04295
2,1699,1,107.1799,0.04295
2,1700,1,107.1979,0.04296
2,1701,1,107.2159,0.04296
2,1702,1,107.2339,0.04296
2,1703,1,107.2519,0.04297
2,1704,1,107.2698,0.04297
2,1705,1,107.2878,0.04298
2,1706,1,107.3057,0.04298
2,1707,1,107.3237,0.04299
2,1708,1,107.3416,0.04299
2,1709,1,107.3596,0.04299
2,1710,1,107.3775,0.043
2,1711,1,107.3954,0.043
2,1712,1,107.4133,0.04301
2,1713,1,107.4312,0.04301
2,1714,1,107.4492,0.04301
2,1715,1,107.4671,0.04302
2,1716,1,107.4849,0.04302
2,1717,1,107.5028,0.04303
2,1718,1,107.5207,0.04303
2,1719,1,107.5386,0.04303
2,1720,1,107.5565,0.04304
2,1721,1,107.5743,0.04304
2,1722,1,107.5922,0.04305
2,1723,1,107.61,0.04305
2,1724,1,107.6279,0.04305
2,1725,1,107.6457,0.04306
2,1726,1,107.6636,0.04306
2,1727,1,107.6814,0.04307
2,1728,1,107.6992,0.04307
2,1729,1,107.717,0.04308
2,1730,1,107.7349,0.04308
2,1731,1,107.7527,0.04308
2,1732,1,107.7705,0.04309
2,1733,1,107.7883,0.04309
2,1734,1,107.806,0.0431
2,1735,1,107.8238,0.0431
2,1736,1,107.8416,0.0431
2,1737,1,107.8594,0.04311
2,1738,1,107.8772,0.04311
2,1739,1,107.8949,0.04312
2,1740,1,107.9127,0.04312
2,1741,1,107.9304,0.04312
2,1742,1,107.9482,0.04313
2,1743,1,107.9659,0.04313
2,1744,1,107.9836,0.04314
2,1745,1,108.0014,0.04314
2,1746,1,108.0191,0.04314
2,1747,1,108.0368,0.04315
2,1748,1,108.0545,0.04315
2,1749,1,108.0722,0.04316
2,1750,1,108.0899,0.04316
2,1751,1,108.1076,0.04316
2,1752,1,108.1253,0.04317
2,1753,1,108.143,0.04317
2,1754,1,108.1607,0.04318
2,1755,1,108.1783,0.04318
2,1756,1,108.196,0.04318
2,1757,1,108.2137,0.04319
2,1758,1,108.2313,0.04319
2,1759,1,108.249,0.0432
2,1760,1,108.2666,0.0432
2,1761,1,108.2842,0.04321
2,1762,1,108.3019,0.04321
2,1763,1,108.3195,0.04321
2,1764,1,108.3371,0.04322
2,1765,1,108.3547,0.04322
2,1766,1,108.3723,0.04323
2,1767,1,108.3899,0.04323
2,1768,1,108.4075,0.04323
2,1769,1,108.4251,0.04324
2,1770,1,108.4427,0.04324
2,1771,1,108.4603,0.04325
2,1772,1,108.4779,0.04325
2,1773,1,108.4954,0.04325
2,1774,1,108.513,0.04326
2,1775,1,108.5306,0.04326
2,1776,1,108.5481,0.04327
2,1777,1,108.5657,0.04327
2,1778,1,108.5832,0.04327
2,1779,1,108.6008,0.04328
2,1780,1,108.6183,0.04328
2,1781,1,108.6358,0.04329
2,1782,1,108.6533,0.04329
2,1783,1,108.6709,0.04329
2,1784,1,108.6884,0.0433
2,1785,1,108.7059,0.0433
2,1786,1,108.7234,0.04331
2,1787,1,108.7409,0.04331
2,1788,1,108.7583,0.04331
2,1789,1,108.7758,0.04332
2,1790,1,108.7933,0.04332
2,1791,1,108.8108,0.04333
2,1792,1,108.8282,0.04333
2,1793,1,108.8457,0.04333
2,1794,1,108.8632,0.04334
2,1795,1,108.8806,0.04334
2,1796,1,108.8981,0.04335
2,1797,1,108.9155,0.04335
2,1798,1,108.9329,0.04335
2,1799,1,108.9504,0.04336
2,1800,1,108.9678,0.04336
2,1801,1,108.9852,0.04337
2,1802,1,109.0026,0.04337
2,1803,1,109.02,0.04337
2,1804,1,109.0374,0.04338
2,1805,1,109.0548,0.04338
2,1806,1,109.0722,0.04339
2,1807,1,109.0896,0.04339
2,1808,1,109.107,0.04339
2,1809,1,109.1244,0.0434
2,1810,1,109.1417,0.0434
2,1811,1,109.1591,0.04341
2,1812,1,109.1764,0.04341
2,1813,1,109.1938,0.04341
2,1814,1,109.2112,0.04342
2,1815,1,109.2285,0.04342
2,1816,1,109.2458,0.04343
2,1817,1,109.2632,0.04343
2,1818,1,109.2805,0.04343
2,1819,1,109.2978,0.04344
2,1820,1,109.3151,0.04344
2,1821,1,109.3324,0.04345
2,1822,1,109.3498,0.04345
2,1823,1,109.3671,0.04345
2,1824,1,109.3844,0.04346
2,1825,1,109.4016,0.04346
2,1826,1,109.4189,0.04346
2,1827,1,109.4362,0.04347
2,1828,1,109.4535,0.04347
2,1829,1,109.4708,0.04348
2,1830,1,109.488,0.04348
2,1831,1,109.5053,0.04348
2,1832,1,109.5225,0.04349
2,1833,1,109.5398,0.04349
2,1834,1,109.557,0.0435
2,1835,1,109.5743,0.0435
2,1836,1,109.5915,0.0435
2,1837,1,109.6088,0.04351
2,1838,1,109.626,0.04351
2,1839,1,109.6432,0.04352
2,1840,1,109.6604,0.04352
2,1841,1,109.6776,0.04352
2,1842,1,109.6948,0.04353
2,1843,1,109.712,0.04353
2,1844,1,109.7292,0.04354
2,1845,1,109.7464,0.04354
2,1846,1,109.7636,0.04354
2,1847,1,109.7808,0.04355
2,1848,1,109.798,0.04355
2,1849,1,109.8151,0.04356
2,1850,1,109.8323,0.04356
2,1851,1,109.8494,0.04356
2,1852,1,109.8666,0.04357
2,1853,1,109.8837,0.04357
2,1854,1,109.9009,0.04358
2,1855,1,109.918,0.04358
2,1856,1,109.9352,0.04358
2,1887,1,110.1258,0.04364
2,1917,1,110.6451,0.04373
2,1948,1,111.1596,0.04382
2,1978,1,111.6696,0.0439
2,2008,1,112.1753,0.04399
2,2039,1,112.6767,0.04407
2,2069,1,113.174,0.04415
2,2100,1,113.6672,0.04423
2,2130,1,114.1565,0.04431
2,2161,1,114.6421,0.04439
2,2191,1,115.1244,0.04447
2,2221,1,115.6039,0.04454
2,2252,1,116.0812,0.04461
2,2282,1,116.5568,0.04469
2,2313,1,117.0311,0.04475
2,2343,1,117.5044,0.04482
2,2374,1,117.9769,0.04489
2,2404,1,118.4489,0.04495
2,2435,1,118.9208,0.04502
2,2465,1,119.3926,0.04508
2,2495,1,119.8648,0.04514
2,2526,1,120.3374,0.0452
2,2556,1,120.8105,0.04525
2,2587,1,121.2843,0.04531
2,2617,1,121.7587,0.04536
2,2648,1,122.2338,0.04542
2,2678,1,122.7098,0.04547
2,2708,1,123.1868,0.04551
2,2739,1,123.6646,0.04556
2,2769,1,124.1435,0.04561
2,2800,1,124.6234,0.04565
2,2830,1,125.1045,0.04569
2,2861,1,125.5869,0.04573
2,2891,1,126.0706,0.04577
2,2922,1,126.5558,0.04581
2,2952,1,127.0424,0.04585
2,2982,1,127.5304,0.04588
2,3013,1,128.0199,0.04591
2,3043,1,128.5109,0.04594
2,3074,1,129.0035,0.04597
2,3104,1,129.4975,0.046
2,3135,1,129.9932,0.04602
2,3165,1,130.4904,0.04604
2,3195,1,130.9891,0.04607
2,3226,1,131.4895,0.04608
2,3256,1,131.9912,0.0461
2,3287,1,132.4944,0.04612
2,3317,1,132.9989,0.04613
2,3348,1,133.5046,0.04614
2,3378,1,134.0118,0.04615
2,3409,1,134.5202,0.04616
2,3439,1,135.0299,0.04616
2,3469,1,135.541,0.04617
2,3500,1,136.0533,0.04617
2,3530,1,136.567,0.04616
2,3561,1,137.0821,0.04616
2,3591,1,137.5987,0.04616
2,3622,1,138.1167,0.04615
2,3652,1,138.6363,0.04614
2,3682,1,139.1575,0.04612
2,3713,1,139.6803,0.04611
2,3743,1,140.2049,0.04609
2,3774,1,140.7313,0.04607
2,3804,1,141.2594,0.04605
2,3835,1,141.7892,0.04603
2,3865,1,142.3206,0.046
2,3896,1,142.8534,0.04597
2,3926,1,143.3874,0.04594
2,3956,1,143.9222,0.04591
2,3987,1,144.4575,0.04588
2,4017,1,144.9929,0.04584
2,4048,1,145.528,0.0458
2,4078,1,146.0622,0.04576
2,4109,1,146.5951,0.04571
2,4139,1,147.1262,0.04567
2,4169,1,147.6548,0.04562
2,4200,1,148.1804,0.04557
2,4230,1,148.7023,0.04552
2,4261,1,149.2197,0.04546
2,4291,1,149.7322,0.04541
2,4322,1,150.239,0.04535
2,4352,1,150.7394,0.04529
2,4383,1,151.2327,0.04523
2,4413,1,151.7182,0.04516
2,4443,1,152.1951,0.0451
2,4474,1,152.6628,0.04503
2,4504,1,153.1206,0.04497
2,4535,1,153.5678,0.0449
2,4565,1,154.0041,0.04483
2,4596,1,154.429,0.04476
2,4626,1,154.8423,0.04468
2,4656,1,155.2437,0.04461
2,4687,1,155.633,0.04454
2,4717,1,156.0101,0.04446
2,4748,1,156.3748,0.04439
2,4778,1,156.7269,0.04431
2,4809,1,157.0666,0.04423
2,4839,1,157.3936,0.04415
2,4870,1,157.7082,0.04408
2,4900,1,158.0102,0.044
2,4930,1,158.2997,0.04392
2,4961,1,158.5771,0.04384
2,4991,1,158.8425,0.04376
2,5022,1,159.0961,0.04369
2,5052,1,159.3382,0.04361
2,5083,1,159.5691,0.04353
2,5113,1,159.789,0.04345
2,5143,1,159.9983,0.04337
2,5174,1,160.1971,0.0433
2,5204,1,160.3857,0.04322
2,5235,1,160.5643,0.04314
2,5265,1,160.7332,0.04307
2,5296,1,160.8927,0.04299
2,5326,1,161.043,0.04292
2,5357,1,161.1845,0.04284
2,5387,1,161.3176,0.04277
2,5417,1,161.4425,0.0427
2,5448,1,161.5596,0.04263
2,5478,1,161.6692,0.04255
2,5509,1,161.7717,0.04248
2,5539,1,161.8673,0.04241
2,5570,1,161.9564,0.04235
2,5600,1,162.0393,0.04228
2,5630,1,162.1164,0.04221
2,5661,1,162.188,0.04214
2,5691,1,162.2542,0.04208
2,5722,1,162.3154,0.04201
2,5752,1,162.3719,0.04195
2,5783,1,162.4239,0.04189
2,5813,1,162.4717,0.04182
2,5844,1,162.5156,0.04176
2,5874,1,162.556,0.0417
2,5904,1,162.5933,0.04164
2,5935,1,162.6276,0.04158
2,5965,1,162.6594,0.04152
2,5996,1,162.689,0.04147
2,6026,1,162.7165,0.04141
2,6057,1,162.7425,0.04136
2,6087,1,162.767,0.0413
2,6117,1,162.7904,0.04125
2,6148,1,162.8126,0.04119
2,6178,1,162.834,0.04114
2,6209,1,162.8545,0.04109
2,6239,1,162.8743,0.04104
2,6270,1,162.8935,0.04099
2,6300,1,162.912,0.04094
2,6331,1,162.93,0.04089
2,6361,1,162.9476,0.04084
2,6391,1,162.9649,0.0408
2,6422,1,162.9817,0.04075
2,6452,1,162.9983,0.04071
2,6483,1,163.0144,0.04066
2,6513,1,163.03,0.04062
2,6544,1,163.0451,0.04058
2,6574,1,163.0595,0.04053
2,6604,1,163.0733,0.04049
2,6635,1,163.0862,0.04045
2,6665,1,163.0982,0.04041
2,6696,1,163.1092,0.04037
2,6726,1,163.1192,0.04034
2,6757,1,163.1279,0.0403
2,6787,1,163.1355,0.04026
2,6818,1,163.1418,0.04023
2,6848,1,163.1469,0.04019
2,6878,1,163.1508,0.04016
2,6909,1,163.1534,0.04012
2,6939,1,163.1548,0.04009
